Id_Subgrupo,Media_X,Rango_R,Gran_Media,LCL_X,UCL_X,Rango_Medio,LCL_R,UCL_R,Alarma_X
1,1459.6,143,1538.7761,1318.9916070000002,1758.560593,380.909,0.0,805.2416259999999,0
2,1583.6,316,1538.7761,1318.9916070000002,1758.560593,380.909,0.0,805.2416259999999,0
3,1664.2,696,1538.7761,1318.9916070000002,1758.560593,380.909,0.0,805.2416259999999,0
4,1440.2,326,1538.7761,1318.9916070000002,1758.560593,380.909,0.0,805.2416259999999,0
5,1545.0,383,1538.7761,1318.9916070000002,1758.560593,380.909,0.0,805.2416259999999,0
6,1663.2,422,1538.7761,1318.9916070000002,1758.560593,380.909,0.0,805.2416259999999,0
7,1556.0,459,1538.7761,1318.9916070000002,1758.560593,380.909,0.0,805.2416259999999,0
8,1440.2,231,1538.7761,1318.9916070000002,1758.560593,380.909,0.0,805.2416259999999,0
9,1388.4,110,1538.7761,1318.9916070000002,1758.560593,380.909,0.0,805.2416259999999,0
10,1517.4,431,1538.7761,1318.9916070000002,1758.560593,380.909,0.0,805.2416259999999,0
11,1799.4,1478,1538.7761,1318.9916070000002,1758.560593,380.909,0.0,805.2416259999999,1
12,1508.2,283,1538.7761,1318.9916070000002,1758.560593,380.909,0.0,805.2416259999999,0
13,1629.8,436,1538.7761,1318.9916070000002,1758.560593,380.909,0.0,805.2416259999999,0
14,1495.2,285,1538.7761,1318.9916070000002,1758.560593,380.909,0.0,805.2416259999999,0
15,1587.6,555,1538.7761,1318.9916070000002,1758.560593,380.909,0.0,805.2416259999999,0
16,1419.0,82,1538.7761,1318.9916070000002,1758.560593,380.909,0.0,805.2416259999999,0
17,1447.8,47,1538.7761,1318.9916070000002,1758.560593,380.909,0.0,805.2416259999999,0
18,1538.0,385,1538.7761,1318.9916070000002,1758.560593,380.909,0.0,805.2416259999999,0
19,1676.4,380,1538.7761,1318.9916070000002,1758.560593,380.909,0.0,805.2416259999999,0
20,1545.6,399,1538.7761,1318.9916070000002,1758.560593,380.909,0.0,805.2416259999999,0
21,1657.8,550,1538.7761,1318.9916070000002,1758.560593,380.909,0.0,805.2416259999999,0
22,1545.2,176,1538.7761,1318.9916070000002,1758.560593,380.909,0.0,805.2416259999999,0
23,1607.0,386,1538.7761,1318.9916070000002,1758.560593,380.909,0.0,805.2416259999999,0
24,1553.6,276,1538.7761,1318.9916070000002,1758.560593,380.909,0.0,805.2416259999999,0
25,1514.8,417,1538.7761,1318.9916070000002,1758.560593,380.909,0.0,805.2416259999999,0
26,1489.6,258,1538.7761,1318.9916070000002,1758.560593,380.909,0.0,805.2416259999999,0
27,1490.0,368,1538.7761,1318.9916070000002,1758.560593,380.909,0.0,805.2416259999999,0
28,1429.0,443,1538.7761,1318.9916070000002,1758.560593,380.909,0.0,805.2416259999999,0
29,1526.2,387,1538.7761,1318.9916070000002,1758.560593,380.909,0.0,805.2416259999999,0
30,1498.4,233,1538.7761,1318.9916070000002,1758.560593,380.909,0.0,805.2416259999999,0
31,1569.4,428,1538.7761,1318.9916070000002,1758.560593,380.909,0.0,805.2416259999999,0
32,1586.0,516,1538.7761,1318.9916070000002,1758.560593,380.909,0.0,805.2416259999999,0
33,1437.6,304,1538.7761,1318.9916070000002,1758.560593,380.909,0.0,805.2416259999999,0
34,1510.8,415,1538.7761,1318.9916070000002,1758.560593,380.909,0.0,805.2416259999999,0
35,1578.6,618,1538.7761,1318.9916070000002,1758.560593,380.909,0.0,805.2416259999999,0
36,1545.6,684,1538.7761,1318.9916070000002,1758.560593,380.909,0.0,805.2416259999999,0
37,1558.6,482,1538.7761,1318.9916070000002,1758.560593,380.909,0.0,805.2416259999999,0
38,1454.2,305,1538.7761,1318.9916070000002,1758.560593,380.909,0.0,805.2416259999999,0
39,1779.4,1280,1538.7761,1318.9916070000002,1758.560593,380.909,0.0,805.2416259999999,1
40,1486.6,156,1538.7761,1318.9916070000002,1758.560593,380.909,0.0,805.2416259999999,0
41,1610.2,251,1538.7761,1318.9916070000002,1758.560593,380.909,0.0,805.2416259999999,0
42,1488.4,265,1538.7761,1318.9916070000002,1758.560593,380.909,0.0,805.2416259999999,0
43,1483.4,245,1538.7761,1318.9916070000002,1758.560593,380.909,0.0,805.2416259999999,0
44,1518.4,230,1538.7761,1318.9916070000002,1758.560593,380.909,0.0,805.2416259999999,0
45,1540.0,523,1538.7761,1318.9916070000002,1758.560593,380.909,0.0,805.2416259999999,0
46,1479.4,300,1538.7761,1318.9916070000002,1758.560593,380.909,0.0,805.2416259999999,0
47,1478.4,162,1538.7761,1318.9916070000002,1758.560593,380.909,0.0,805.2416259999999,0
48,1546.2,287,1538.7761,1318.9916070000002,1758.560593,380.909,0.0,805.2416259999999,0
49,1460.2,438,1538.7761,1318.9916070000002,1758.560593,380.909,0.0,805.2416259999999,0
50,1489.6,265,1538.7761,1318.9916070000002,1758.560593,380.909,0.0,805.2416259999999,0
51,1523.8,305,1538.7761,1318.9916070000002,1758.560593,380.909,0.0,805.2416259999999,0
52,1467.4,284,1538.7761,1318.9916070000002,1758.560593,380.909,0.0,805.2416259999999,0
53,1577.8,346,1538.7761,1318.9916070000002,1758.560593,380.909,0.0,805.2416259999999,0
54,1634.4,514,1538.7761,1318.9916070000002,1758.560593,380.909,0.0,805.2416259999999,0
55,1506.8,226,1538.7761,1318.9916070000002,1758.560593,380.909,0.0,805.2416259999999,0
56,1613.8,418,1538.7761,1318.9916070000002,1758.560593,380.909,0.0,805.2416259999999,0
57,1598.4,661,1538.7761,1318.9916070000002,1758.560593,380.909,0.0,805.2416259999999,0
58,1556.6,420,1538.7761,1318.9916070000002,1758.560593,380.909,0.0,805.2416259999999,0
59,1402.0,138,1538.7761,1318.9916070000002,1758.560593,380.909,0.0,805.2416259999999,0
60,1704.0,734,1538.7761,1318.9916070000002,1758.560593,380.909,0.0,805.2416259999999,0
61,1618.0,261,1538.7761,1318.9916070000002,1758.560593,380.909,0.0,805.2416259999999,0
62,1567.2,824,1538.7761,1318.9916070000002,1758.560593,380.909,0.0,805.2416259999999,0
63,1412.0,226,1538.7761,1318.9916070000002,1758.560593,380.909,0.0,805.2416259999999,0
64,1633.8,202,1538.7761,1318.9916070000002,1758.560593,380.909,0.0,805.2416259999999,0
65,1513.0,113,1538.7761,1318.9916070000002,1758.560593,380.909,0.0,805.2416259999999,0
66,1599.2,347,1538.7761,1318.9916070000002,1758.560593,380.909,0.0,805.2416259999999,0
67,1488.6,256,1538.7761,1318.9916070000002,1758.560593,380.909,0.0,805.2416259999999,0
68,1752.4,432,1538.7761,1318.9916070000002,1758.560593,380.909,0.0,805.2416259999999,0
69,1662.2,1060,1538.7761,1318.9916070000002,1758.560593,380.909,0.0,805.2416259999999,0
70,1560.0,158,1538.7761,1318.9916070000002,1758.560593,380.909,0.0,805.2416259999999,0
71,1570.0,274,1538.7761,1318.9916070000002,1758.560593,380.909,0.0,805.2416259999999,0
72,1514.4,225,1538.7761,1318.9916070000002,1758.560593,380.909,0.0,805.2416259999999,0
73,1520.4,233,1538.7761,1318.9916070000002,1758.560593,380.909,0.0,805.2416259999999,0
74,1510.0,234,1538.7761,1318.9916070000002,1758.560593,380.909,0.0,805.2416259999999,0
75,1494.8,217,1538.7761,1318.9916070000002,1758.560593,380.909,0.0,805.2416259999999,0
76,1573.2,353,1538.7761,1318.9916070000002,1758.560593,380.909,0.0,805.2416259999999,0
77,1799.8,1229,1538.7761,1318.9916070000002,1758.560593,380.909,0.0,805.2416259999999,1
78,1369.0,206,1538.7761,1318.9916070000002,1758.560593,380.909,0.0,805.2416259999999,0
79,1463.8,178,1538.7761,1318.9916070000002,1758.560593,380.909,0.0,805.2416259999999,0
80,1545.8,382,1538.7761,1318.9916070000002,1758.560593,380.909,0.0,805.2416259999999,0
81,1614.0,827,1538.7761,1318.9916070000002,1758.560593,380.909,0.0,805.2416259999999,0
82,1456.4,250,1538.7761,1318.9916070000002,1758.560593,380.909,0.0,805.2416259999999,0
83,1490.0,200,1538.7761,1318.9916070000002,1758.560593,380.909,0.0,805.2416259999999,0
84,1610.4,757,1538.7761,1318.9916070000002,1758.560593,380.909,0.0,805.2416259999999,0
85,1441.0,356,1538.7761,1318.9916070000002,1758.560593,380.909,0.0,805.2416259999999,0
86,1493.0,457,1538.7761,1318.9916070000002,1758.560593,380.909,0.0,805.2416259999999,0
87,1568.0,402,1538.7761,1318.9916070000002,1758.560593,380.909,0.0,805.2416259999999,0
88,1482.2,197,1538.7761,1318.9916070000002,1758.560593,380.909,0.0,805.2416259999999,0
89,1446.4,193,1538.7761,1318.9916070000002,1758.560593,380.909,0.0,805.2416259999999,0
90,1559.0,417,1538.7761,1318.9916070000002,1758.560593,380.909,0.0,805.2416259999999,0
91,1496.0,224,1538.7761,1318.9916070000002,1758.560593,380.909,0.0,805.2416259999999,0
92,1429.0,210,1538.7761,1318.9916070000002,1758.560593,380.909,0.0,805.2416259999999,0
93,1730.2,1472,1538.7761,1318.9916070000002,1758.560593,380.909,0.0,805.2416259999999,0
94,1678.6,726,1538.7761,1318.9916070000002,1758.560593,380.909,0.0,805.2416259999999,0
95,1482.6,101,1538.7761,1318.9916070000002,1758.560593,380.909,0.0,805.2416259999999,0
96,1514.8,510,1538.7761,1318.9916070000002,1758.560593,380.909,0.0,805.2416259999999,0
97,1515.8,259,1538.7761,1318.9916070000002,1758.560593,380.909,0.0,805.2416259999999,0
98,1532.2,338,1538.7761,1318.9916070000002,1758.560593,380.909,0.0,805.2416259999999,0
99,1415.8,144,1538.7761,1318.9916070000002,1758.560593,380.909,0.0,805.2416259999999,0
100,1524.0,152,1538.7761,1318.9916070000002,1758.560593,380.909,0.0,805.2416259999999,0
101,1525.8,414,1538.7761,1318.9916070000002,1758.560593,380.909,0.0,805.2416259999999,0
102,1581.2,478,1538.7761,1318.9916070000002,1758.560593,380.909,0.0,805.2416259999999,0
103,1503.4,194,1538.7761,1318.9916070000002,1758.560593,380.909,0.0,805.2416259999999,0
104,1757.8,636,1538.7761,1318.9916070000002,1758.560593,380.909,0.0,805.2416259999999,0
105,1516.6,219,1538.7761,1318.9916070000002,1758.560593,380.909,0.0,805.2416259999999,0
106,1510.6,219,1538.7761,1318.9916070000002,1758.560593,380.909,0.0,805.2416259999999,0
107,1599.8,266,1538.7761,1318.9916070000002,1758.560593,380.909,0.0,805.2416259999999,0
108,1582.8,410,1538.7761,1318.9916070000002,1758.560593,380.909,0.0,805.2416259999999,0
109,1593.2,535,1538.7761,1318.9916070000002,1758.560593,380.909,0.0,805.2416259999999,0
110,1603.6,626,1538.7761,1318.9916070000002,1758.560593,380.909,0.0,805.2416259999999,0
111,1505.2,424,1538.7761,1318.9916070000002,1758.560593,380.909,0.0,805.2416259999999,0
112,1496.4,293,1538.7761,1318.9916070000002,1758.560593,380.909,0.0,805.2416259999999,0
113,1553.6,360,1538.7761,1318.9916070000002,1758.560593,380.909,0.0,805.2416259999999,0
114,1664.4,394,1538.7761,1318.9916070000002,1758.560593,380.909,0.0,805.2416259999999,0
115,1487.2,325,1538.7761,1318.9916070000002,1758.560593,380.909,0.0,805.2416259999999,0
116,1534.8,290,1538.7761,1318.9916070000002,1758.560593,380.909,0.0,805.2416259999999,0
117,1529.8,457,1538.7761,1318.9916070000002,1758.560593,380.909,0.0,805.2416259999999,0
118,1648.8,510,1538.7761,1318.9916070000002,1758.560593,380.909,0.0,805.2416259999999,0
119,1460.0,390,1538.7761,1318.9916070000002,1758.560593,380.909,0.0,805.2416259999999,0
120,1476.8,286,1538.7761,1318.9916070000002,1758.560593,380.909,0.0,805.2416259999999,0
121,1723.8,858,1538.7761,1318.9916070000002,1758.560593,380.909,0.0,805.2416259999999,0
122,1550.2,290,1538.7761,1318.9916070000002,1758.560593,380.909,0.0,805.2416259999999,0
123,1545.8,189,1538.7761,1318.9916070000002,1758.560593,380.909,0.0,805.2416259999999,0
124,1532.2,293,1538.7761,1318.9916070000002,1758.560593,380.909,0.0,805.2416259999999,0
125,1591.4,537,1538.7761,1318.9916070000002,1758.560593,380.909,0.0,805.2416259999999,0
126,1478.2,210,1538.7761,1318.9916070000002,1758.560593,380.909,0.0,805.2416259999999,0
127,1476.4,135,1538.7761,1318.9916070000002,1758.560593,380.909,0.0,805.2416259999999,0
128,1569.0,455,1538.7761,1318.9916070000002,1758.560593,380.909,0.0,805.2416259999999,0
129,1446.8,382,1538.7761,1318.9916070000002,1758.560593,380.909,0.0,805.2416259999999,0
130,1508.8,340,1538.7761,1318.9916070000002,1758.560593,380.909,0.0,805.2416259999999,0
131,1640.6,624,1538.7761,1318.9916070000002,1758.560593,380.909,0.0,805.2416259999999,0
132,1508.6,367,1538.7761,1318.9916070000002,1758.560593,380.909,0.0,805.2416259999999,0
133,1493.0,310,1538.7761,1318.9916070000002,1758.560593,380.909,0.0,805.2416259999999,0
134,1573.4,279,1538.7761,1318.9916070000002,1758.560593,380.909,0.0,805.2416259999999,0
135,1542.8,389,1538.7761,1318.9916070000002,1758.560593,380.909,0.0,805.2416259999999,0
136,1429.2,282,1538.7761,1318.9916070000002,1758.560593,380.909,0.0,805.2416259999999,0
137,1582.0,464,1538.7761,1318.9916070000002,1758.560593,380.909,0.0,805.2416259999999,0
138,1552.0,381,1538.7761,1318.9916070000002,1758.560593,380.909,0.0,805.2416259999999,0
139,1465.2,169,1538.7761,1318.9916070000002,1758.560593,380.909,0.0,805.2416259999999,0
140,1542.0,399,1538.7761,1318.9916070000002,1758.560593,380.909,0.0,805.2416259999999,0
141,1544.8,204,1538.7761,1318.9916070000002,1758.560593,380.909,0.0,805.2416259999999,0
142,1510.4,481,1538.7761,1318.9916070000002,1758.560593,380.909,0.0,805.2416259999999,0
143,1528.2,258,1538.7761,1318.9916070000002,1758.560593,380.909,0.0,805.2416259999999,0
144,1442.6,221,1538.7761,1318.9916070000002,1758.560593,380.909,0.0,805.2416259999999,0
145,1564.4,419,1538.7761,1318.9916070000002,1758.560593,380.909,0.0,805.2416259999999,0
146,1555.6,215,1538.7761,1318.9916070000002,1758.560593,380.909,0.0,805.2416259999999,0
147,1510.4,619,1538.7761,1318.9916070000002,1758.560593,380.909,0.0,805.2416259999999,0
148,1496.4,167,1538.7761,1318.9916070000002,1758.560593,380.909,0.0,805.2416259999999,0
149,1483.4,282,1538.7761,1318.9916070000002,1758.560593,380.909,0.0,805.2416259999999,0
150,1520.4,689,1538.7761,1318.9916070000002,1758.560593,380.909,0.0,805.2416259999999,0
151,1563.8,421,1538.7761,1318.9916070000002,1758.560593,380.909,0.0,805.2416259999999,0
152,1533.0,92,1538.7761,1318.9916070000002,1758.560593,380.909,0.0,805.2416259999999,0
153,1434.8,360,1538.7761,1318.9916070000002,1758.560593,380.909,0.0,805.2416259999999,0
154,1499.0,381,1538.7761,1318.9916070000002,1758.560593,380.909,0.0,805.2416259999999,0
155,1422.6,199,1538.7761,1318.9916070000002,1758.560593,380.909,0.0,805.2416259999999,0
156,1509.8,284,1538.7761,1318.9916070000002,1758.560593,380.909,0.0,805.2416259999999,0
157,1620.8,334,1538.7761,1318.9916070000002,1758.560593,380.909,0.0,805.2416259999999,0
158,1550.8,306,1538.7761,1318.9916070000002,1758.560593,380.909,0.0,805.2416259999999,0
159,1526.8,310,1538.7761,1318.9916070000002,1758.560593,380.909,0.0,805.2416259999999,0
160,1717.4,445,1538.7761,1318.9916070000002,1758.560593,380.909,0.0,805.2416259999999,0
161,1566.2,597,1538.7761,1318.9916070000002,1758.560593,380.909,0.0,805.2416259999999,0
162,1515.4,455,1538.7761,1318.9916070000002,1758.560593,380.909,0.0,805.2416259999999,0
163,1491.8,250,1538.7761,1318.9916070000002,1758.560593,380.909,0.0,805.2416259999999,0
164,1404.0,212,1538.7761,1318.9916070000002,1758.560593,380.909,0.0,805.2416259999999,0
165,1491.0,111,1538.7761,1318.9916070000002,1758.560593,380.909,0.0,805.2416259999999,0
166,1520.2,105,1538.7761,1318.9916070000002,1758.560593,380.909,0.0,805.2416259999999,0
167,1529.0,298,1538.7761,1318.9916070000002,1758.560593,380.909,0.0,805.2416259999999,0
168,1467.4,197,1538.7761,1318.9916070000002,1758.560593,380.909,0.0,805.2416259999999,0
169,1527.6,143,1538.7761,1318.9916070000002,1758.560593,380.909,0.0,805.2416259999999,0
170,1747.8,1417,1538.7761,1318.9916070000002,1758.560593,380.909,0.0,805.2416259999999,0
171,1453.2,199,1538.7761,1318.9916070000002,1758.560593,380.909,0.0,805.2416259999999,0
172,1584.2,548,1538.7761,1318.9916070000002,1758.560593,380.909,0.0,805.2416259999999,0
173,1719.4,628,1538.7761,1318.9916070000002,1758.560593,380.909,0.0,805.2416259999999,0
174,1511.6,320,1538.7761,1318.9916070000002,1758.560593,380.909,0.0,805.2416259999999,0
175,1493.2,567,1538.7761,1318.9916070000002,1758.560593,380.909,0.0,805.2416259999999,0
176,1593.0,578,1538.7761,1318.9916070000002,1758.560593,380.909,0.0,805.2416259999999,0
177,1456.8,504,1538.7761,1318.9916070000002,1758.560593,380.909,0.0,805.2416259999999,0
178,1611.2,772,1538.7761,1318.9916070000002,1758.560593,380.909,0.0,805.2416259999999,0
179,1394.0,83,1538.7761,1318.9916070000002,1758.560593,380.909,0.0,805.2416259999999,0
180,1479.0,283,1538.7761,1318.9916070000002,1758.560593,380.909,0.0,805.2416259999999,0
181,1587.2,1014,1538.7761,1318.9916070000002,1758.560593,380.909,0.0,805.2416259999999,0
182,1576.6,366,1538.7761,1318.9916070000002,1758.560593,380.909,0.0,805.2416259999999,0
183,1548.8,131,1538.7761,1318.9916070000002,1758.560593,380.909,0.0,805.2416259999999,0
184,1494.0,182,1538.7761,1318.9916070000002,1758.560593,380.909,0.0,805.2416259999999,0
185,1542.8,420,1538.7761,1318.9916070000002,1758.560593,380.909,0.0,805.2416259999999,0
186,1551.8,577,1538.7761,1318.9916070000002,1758.560593,380.909,0.0,805.2416259999999,0
187,1456.2,271,1538.7761,1318.9916070000002,1758.560593,380.909,0.0,805.2416259999999,0
188,1526.6,560,1538.7761,1318.9916070000002,1758.560593,380.909,0.0,805.2416259999999,0
189,1548.8,269,1538.7761,1318.9916070000002,1758.560593,380.909,0.0,805.2416259999999,0
190,1424.8,349,1538.7761,1318.9916070000002,1758.560593,380.909,0.0,805.2416259999999,0
191,1489.0,236,1538.7761,1318.9916070000002,1758.560593,380.909,0.0,805.2416259999999,0
192,1566.8,524,1538.7761,1318.9916070000002,1758.560593,380.909,0.0,805.2416259999999,0
193,1573.0,257,1538.7761,1318.9916070000002,1758.560593,380.909,0.0,805.2416259999999,0
194,1528.0,229,1538.7761,1318.9916070000002,1758.560593,380.909,0.0,805.2416259999999,0
195,1591.8,168,1538.7761,1318.9916070000002,1758.560593,380.909,0.0,805.2416259999999,0
196,1570.4,528,1538.7761,1318.9916070000002,1758.560593,380.909,0.0,805.2416259999999,0
197,1505.0,246,1538.7761,1318.9916070000002,1758.560593,380.909,0.0,805.2416259999999,0
198,1762.6,585,1538.7761,1318.9916070000002,1758.560593,380.909,0.0,805.2416259999999,1
199,1448.2,483,1538.7761,1318.9916070000002,1758.560593,380.909,0.0,805.2416259999999,0
200,1585.8,785,1538.7761,1318.9916070000002,1758.560593,380.909,0.0,805.2416259999999,0
201,1566.0,238,1538.7761,1318.9916070000002,1758.560593,380.909,0.0,805.2416259999999,0
202,1450.8,251,1538.7761,1318.9916070000002,1758.560593,380.909,0.0,805.2416259999999,0
203,1500.0,186,1538.7761,1318.9916070000002,1758.560593,380.909,0.0,805.2416259999999,0
204,1400.2,346,1538.7761,1318.9916070000002,1758.560593,380.909,0.0,805.2416259999999,0
205,1586.6,509,1538.7761,1318.9916070000002,1758.560593,380.909,0.0,805.2416259999999,0
206,1454.2,177,1538.7761,1318.9916070000002,1758.560593,380.909,0.0,805.2416259999999,0
207,1694.2,409,1538.7761,1318.9916070000002,1758.560593,380.909,0.0,805.2416259999999,0
208,1541.0,281,1538.7761,1318.9916070000002,1758.560593,380.909,0.0,805.2416259999999,0
209,1559.2,378,1538.7761,1318.9916070000002,1758.560593,380.909,0.0,805.2416259999999,0
210,1446.0,276,1538.7761,1318.9916070000002,1758.560593,380.909,0.0,805.2416259999999,0
211,1675.6,371,1538.7761,1318.9916070000002,1758.560593,380.909,0.0,805.2416259999999,0
212,1619.4,394,1538.7761,1318.9916070000002,1758.560593,380.909,0.0,805.2416259999999,0
213,1457.8,292,1538.7761,1318.9916070000002,1758.560593,380.909,0.0,805.2416259999999,0
214,1592.4,446,1538.7761,1318.9916070000002,1758.560593,380.909,0.0,805.2416259999999,0
215,1465.0,181,1538.7761,1318.9916070000002,1758.560593,380.909,0.0,805.2416259999999,0
216,1586.4,386,1538.7761,1318.9916070000002,1758.560593,380.909,0.0,805.2416259999999,0
217,1579.2,354,1538.7761,1318.9916070000002,1758.560593,380.909,0.0,805.2416259999999,0
218,1557.8,623,1538.7761,1318.9916070000002,1758.560593,380.909,0.0,805.2416259999999,0
219,1478.6,331,1538.7761,1318.9916070000002,1758.560593,380.909,0.0,805.2416259999999,0
220,1758.2,1324,1538.7761,1318.9916070000002,1758.560593,380.909,0.0,805.2416259999999,0
221,1515.6,348,1538.7761,1318.9916070000002,1758.560593,380.909,0.0,805.2416259999999,0
222,1570.0,230,1538.7761,1318.9916070000002,1758.560593,380.909,0.0,805.2416259999999,0
223,1480.8,498,1538.7761,1318.9916070000002,1758.560593,380.909,0.0,805.2416259999999,0
224,1574.0,737,1538.7761,1318.9916070000002,1758.560593,380.909,0.0,805.2416259999999,0
225,1459.6,396,1538.7761,1318.9916070000002,1758.560593,380.909,0.0,805.2416259999999,0
226,1657.2,468,1538.7761,1318.9916070000002,1758.560593,380.909,0.0,805.2416259999999,0
227,1403.4,218,1538.7761,1318.9916070000002,1758.560593,380.909,0.0,805.2416259999999,0
228,1549.8,218,1538.7761,1318.9916070000002,1758.560593,380.909,0.0,805.2416259999999,0
229,1443.6,339,1538.7761,1318.9916070000002,1758.560593,380.909,0.0,805.2416259999999,0
230,1513.2,342,1538.7761,1318.9916070000002,1758.560593,380.909,0.0,805.2416259999999,0
231,1477.4,276,1538.7761,1318.9916070000002,1758.560593,380.909,0.0,805.2416259999999,0
232,1575.6,442,1538.7761,1318.9916070000002,1758.560593,380.909,0.0,805.2416259999999,0
233,1534.2,518,1538.7761,1318.9916070000002,1758.560593,380.909,0.0,805.2416259999999,0
234,1458.8,229,1538.7761,1318.9916070000002,1758.560593,380.909,0.0,805.2416259999999,0
235,1539.4,471,1538.7761,1318.9916070000002,1758.560593,380.909,0.0,805.2416259999999,0
236,1490.0,206,1538.7761,1318.9916070000002,1758.560593,380.909,0.0,805.2416259999999,0
237,1466.0,152,1538.7761,1318.9916070000002,1758.560593,380.909,0.0,805.2416259999999,0
238,1512.6,455,1538.7761,1318.9916070000002,1758.560593,380.909,0.0,805.2416259999999,0
239,1504.2,429,1538.7761,1318.9916070000002,1758.560593,380.909,0.0,805.2416259999999,0
240,1575.6,571,1538.7761,1318.9916070000002,1758.560593,380.909,0.0,805.2416259999999,0
241,1474.8,303,1538.7761,1318.9916070000002,1758.560593,380.909,0.0,805.2416259999999,0
242,1658.2,1222,1538.7761,1318.9916070000002,1758.560593,380.909,0.0,805.2416259999999,0
243,1511.4,335,1538.7761,1318.9916070000002,1758.560593,380.909,0.0,805.2416259999999,0
244,1547.4,352,1538.7761,1318.9916070000002,1758.560593,380.909,0.0,805.2416259999999,0
245,1526.0,364,1538.7761,1318.9916070000002,1758.560593,380.909,0.0,805.2416259999999,0
246,1457.8,279,1538.7761,1318.9916070000002,1758.560593,380.909,0.0,805.2416259999999,0
247,1757.6,1076,1538.7761,1318.9916070000002,1758.560593,380.909,0.0,805.2416259999999,0
248,1522.4,295,1538.7761,1318.9916070000002,1758.560593,380.909,0.0,805.2416259999999,0
249,1576.6,294,1538.7761,1318.9916070000002,1758.560593,380.909,0.0,805.2416259999999,0
250,1542.0,186,1538.7761,1318.9916070000002,1758.560593,380.909,0.0,805.2416259999999,0
251,1436.0,240,1538.7761,1318.9916070000002,1758.560593,380.909,0.0,805.2416259999999,0
252,1425.4,255,1538.7761,1318.9916070000002,1758.560593,380.909,0.0,805.2416259999999,0
253,1740.8,843,1538.7761,1318.9916070000002,1758.560593,380.909,0.0,805.2416259999999,0
254,1540.6,166,1538.7761,1318.9916070000002,1758.560593,380.909,0.0,805.2416259999999,0
255,1451.0,286,1538.7761,1318.9916070000002,1758.560593,380.909,0.0,805.2416259999999,0
256,1478.4,331,1538.7761,1318.9916070000002,1758.560593,380.909,0.0,805.2416259999999,0
257,1600.6,797,1538.7761,1318.9916070000002,1758.560593,380.909,0.0,805.2416259999999,0
258,1513.8,216,1538.7761,1318.9916070000002,1758.560593,380.909,0.0,805.2416259999999,0
259,1608.0,439,1538.7761,1318.9916070000002,1758.560593,380.909,0.0,805.2416259999999,0
260,1450.4,278,1538.7761,1318.9916070000002,1758.560593,380.909,0.0,805.2416259999999,0
261,1600.2,776,1538.7761,1318.9916070000002,1758.560593,380.909,0.0,805.2416259999999,0
262,1597.2,327,1538.7761,1318.9916070000002,1758.560593,380.909,0.0,805.2416259999999,0
263,1510.4,276,1538.7761,1318.9916070000002,1758.560593,380.909,0.0,805.2416259999999,0
264,1593.2,501,1538.7761,1318.9916070000002,1758.560593,380.909,0.0,805.2416259999999,0
265,1391.6,297,1538.7761,1318.9916070000002,1758.560593,380.909,0.0,805.2416259999999,0
266,1634.8,403,1538.7761,1318.9916070000002,1758.560593,380.909,0.0,805.2416259999999,0
267,1651.6,503,1538.7761,1318.9916070000002,1758.560593,380.909,0.0,805.2416259999999,0
268,1591.2,350,1538.7761,1318.9916070000002,1758.560593,380.909,0.0,805.2416259999999,0
269,1595.6,481,1538.7761,1318.9916070000002,1758.560593,380.909,0.0,805.2416259999999,0
270,1563.8,441,1538.7761,1318.9916070000002,1758.560593,380.909,0.0,805.2416259999999,0
271,1467.4,264,1538.7761,1318.9916070000002,1758.560593,380.909,0.0,805.2416259999999,0
272,1566.4,289,1538.7761,1318.9916070000002,1758.560593,380.909,0.0,805.2416259999999,0
273,1536.2,274,1538.7761,1318.9916070000002,1758.560593,380.909,0.0,805.2416259999999,0
274,1562.8,340,1538.7761,1318.9916070000002,1758.560593,380.909,0.0,805.2416259999999,0
275,1487.6,207,1538.7761,1318.9916070000002,1758.560593,380.909,0.0,805.2416259999999,0
276,1518.2,165,1538.7761,1318.9916070000002,1758.560593,380.909,0.0,805.2416259999999,0
277,1567.4,455,1538.7761,1318.9916070000002,1758.560593,380.909,0.0,805.2416259999999,0
278,1579.0,378,1538.7761,1318.9916070000002,1758.560593,380.909,0.0,805.2416259999999,0
279,1752.2,1328,1538.7761,1318.9916070000002,1758.560593,380.909,0.0,805.2416259999999,0
280,1501.8,117,1538.7761,1318.9916070000002,1758.560593,380.909,0.0,805.2416259999999,0
281,1427.6,242,1538.7761,1318.9916070000002,1758.560593,380.909,0.0,805.2416259999999,0
282,1463.6,170,1538.7761,1318.9916070000002,1758.560593,380.909,0.0,805.2416259999999,0
283,1585.2,529,1538.7761,1318.9916070000002,1758.560593,380.909,0.0,805.2416259999999,0
284,1583.0,763,1538.7761,1318.9916070000002,1758.560593,380.909,0.0,805.2416259999999,0
285,1523.0,127,1538.7761,1318.9916070000002,1758.560593,380.909,0.0,805.2416259999999,0
286,1479.2,266,1538.7761,1318.9916070000002,1758.560593,380.909,0.0,805.2416259999999,0
287,1391.8,74,1538.7761,1318.9916070000002,1758.560593,380.909,0.0,805.2416259999999,0
288,1498.2,95,1538.7761,1318.9916070000002,1758.560593,380.909,0.0,805.2416259999999,0
289,1571.2,264,1538.7761,1318.9916070000002,1758.560593,380.909,0.0,805.2416259999999,0
290,1648.4,59,1538.7761,1318.9916070000002,1758.560593,380.909,0.0,805.2416259999999,0
291,1548.0,403,1538.7761,1318.9916070000002,1758.560593,380.909,0.0,805.2416259999999,0
292,1438.8,137,1538.7761,1318.9916070000002,1758.560593,380.909,0.0,805.2416259999999,0
293,1530.6,294,1538.7761,1318.9916070000002,1758.560593,380.909,0.0,805.2416259999999,0
294,1474.2,181,1538.7761,1318.9916070000002,1758.560593,380.909,0.0,805.2416259999999,0
295,1395.4,123,1538.7761,1318.9916070000002,1758.560593,380.909,0.0,805.2416259999999,0
296,1540.8,337,1538.7761,1318.9916070000002,1758.560593,380.909,0.0,805.2416259999999,0
297,1595.2,724,1538.7761,1318.9916070000002,1758.560593,380.909,0.0,805.2416259999999,0
298,1644.0,547,1538.7761,1318.9916070000002,1758.560593,380.909,0.0,805.2416259999999,0
299,1409.2,155,1538.7761,1318.9916070000002,1758.560593,380.909,0.0,805.2416259999999,0
300,1655.2,938,1538.7761,1318.9916070000002,1758.560593,380.909,0.0,805.2416259999999,0
301,1655.2,665,1538.7761,1318.9916070000002,1758.560593,380.909,0.0,805.2416259999999,0
302,1509.6,250,1538.7761,1318.9916070000002,1758.560593,380.909,0.0,805.2416259999999,0
303,1577.6,139,1538.7761,1318.9916070000002,1758.560593,380.909,0.0,805.2416259999999,0
304,1436.6,336,1538.7761,1318.9916070000002,1758.560593,380.909,0.0,805.2416259999999,0
305,1547.8,129,1538.7761,1318.9916070000002,1758.560593,380.909,0.0,805.2416259999999,0
306,1755.4,1024,1538.7761,1318.9916070000002,1758.560593,380.909,0.0,805.2416259999999,0
307,1489.6,418,1538.7761,1318.9916070000002,1758.560593,380.909,0.0,805.2416259999999,0
308,1524.2,472,1538.7761,1318.9916070000002,1758.560593,380.909,0.0,805.2416259999999,0
309,1662.0,925,1538.7761,1318.9916070000002,1758.560593,380.909,0.0,805.2416259999999,0
310,1467.6,358,1538.7761,1318.9916070000002,1758.560593,380.909,0.0,805.2416259999999,0
311,1558.6,449,1538.7761,1318.9916070000002,1758.560593,380.909,0.0,805.2416259999999,0
312,1481.6,187,1538.7761,1318.9916070000002,1758.560593,380.909,0.0,805.2416259999999,0
313,1721.2,828,1538.7761,1318.9916070000002,1758.560593,380.909,0.0,805.2416259999999,0
314,1488.8,251,1538.7761,1318.9916070000002,1758.560593,380.909,0.0,805.2416259999999,0
315,1430.8,298,1538.7761,1318.9916070000002,1758.560593,380.909,0.0,805.2416259999999,0
316,1613.6,613,1538.7761,1318.9916070000002,1758.560593,380.909,0.0,805.2416259999999,0
317,1496.6,329,1538.7761,1318.9916070000002,1758.560593,380.909,0.0,805.2416259999999,0
318,1495.0,288,1538.7761,1318.9916070000002,1758.560593,380.909,0.0,805.2416259999999,0
319,1472.2,237,1538.7761,1318.9916070000002,1758.560593,380.909,0.0,805.2416259999999,0
320,1552.8,512,1538.7761,1318.9916070000002,1758.560593,380.909,0.0,805.2416259999999,0
321,1562.8,170,1538.7761,1318.9916070000002,1758.560593,380.909,0.0,805.2416259999999,0
322,1457.4,188,1538.7761,1318.9916070000002,1758.560593,380.909,0.0,805.2416259999999,0
323,1587.4,506,1538.7761,1318.9916070000002,1758.560593,380.909,0.0,805.2416259999999,0
324,1509.6,376,1538.7761,1318.9916070000002,1758.560593,380.909,0.0,805.2416259999999,0
325,1621.0,611,1538.7761,1318.9916070000002,1758.560593,380.909,0.0,805.2416259999999,0
326,1390.8,196,1538.7761,1318.9916070000002,1758.560593,380.909,0.0,805.2416259999999,0
327,1430.6,70,1538.7761,1318.9916070000002,1758.560593,380.909,0.0,805.2416259999999,0
328,1480.0,282,1538.7761,1318.9916070000002,1758.560593,380.909,0.0,805.2416259999999,0
329,1557.0,169,1538.7761,1318.9916070000002,1758.560593,380.909,0.0,805.2416259999999,0
330,1536.2,388,1538.7761,1318.9916070000002,1758.560593,380.909,0.0,805.2416259999999,0
331,1446.2,256,1538.7761,1318.9916070000002,1758.560593,380.909,0.0,805.2416259999999,0
332,1550.0,323,1538.7761,1318.9916070000002,1758.560593,380.909,0.0,805.2416259999999,0
333,1533.2,348,1538.7761,1318.9916070000002,1758.560593,380.909,0.0,805.2416259999999,0
334,1581.2,278,1538.7761,1318.9916070000002,1758.560593,380.909,0.0,805.2416259999999,0
335,1499.6,230,1538.7761,1318.9916070000002,1758.560593,380.909,0.0,805.2416259999999,0
336,1581.6,385,1538.7761,1318.9916070000002,1758.560593,380.909,0.0,805.2416259999999,0
337,1571.8,401,1538.7761,1318.9916070000002,1758.560593,380.909,0.0,805.2416259999999,0
338,1631.2,322,1538.7761,1318.9916070000002,1758.560593,380.909,0.0,805.2416259999999,0
339,1620.4,329,1538.7761,1318.9916070000002,1758.560593,380.909,0.0,805.2416259999999,0
340,1469.6,261,1538.7761,1318.9916070000002,1758.560593,380.909,0.0,805.2416259999999,0
341,1578.4,414,1538.7761,1318.9916070000002,1758.560593,380.909,0.0,805.2416259999999,0
342,1588.8,310,1538.7761,1318.9916070000002,1758.560593,380.909,0.0,805.2416259999999,0
343,1467.8,196,1538.7761,1318.9916070000002,1758.560593,380.909,0.0,805.2416259999999,0
344,1532.2,312,1538.7761,1318.9916070000002,1758.560593,380.909,0.0,805.2416259999999,0
345,1717.0,572,1538.7761,1318.9916070000002,1758.560593,380.909,0.0,805.2416259999999,0
346,1560.8,514,1538.7761,1318.9916070000002,1758.560593,380.909,0.0,805.2416259999999,0
347,1506.2,370,1538.7761,1318.9916070000002,1758.560593,380.909,0.0,805.2416259999999,0
348,1575.0,688,1538.7761,1318.9916070000002,1758.560593,380.909,0.0,805.2416259999999,0
349,1511.2,350,1538.7761,1318.9916070000002,1758.560593,380.909,0.0,805.2416259999999,0
350,1746.6,855,1538.7761,1318.9916070000002,1758.560593,380.909,0.0,805.2416259999999,0
351,1596.8,479,1538.7761,1318.9916070000002,1758.560593,380.909,0.0,805.2416259999999,0
352,1467.2,273,1538.7761,1318.9916070000002,1758.560593,380.909,0.0,805.2416259999999,0
353,1584.6,632,1538.7761,1318.9916070000002,1758.560593,380.909,0.0,805.2416259999999,0
354,1614.2,613,1538.7761,1318.9916070000002,1758.560593,380.909,0.0,805.2416259999999,0
355,1492.4,221,1538.7761,1318.9916070000002,1758.560593,380.909,0.0,805.2416259999999,0
356,1467.2,239,1538.7761,1318.9916070000002,1758.560593,380.909,0.0,805.2416259999999,0
357,1853.4,1333,1538.7761,1318.9916070000002,1758.560593,380.909,0.0,805.2416259999999,1
358,1455.0,305,1538.7761,1318.9916070000002,1758.560593,380.909,0.0,805.2416259999999,0
359,1618.2,402,1538.7761,1318.9916070000002,1758.560593,380.909,0.0,805.2416259999999,0
360,1481.2,115,1538.7761,1318.9916070000002,1758.560593,380.909,0.0,805.2416259999999,0
361,1466.0,136,1538.7761,1318.9916070000002,1758.560593,380.909,0.0,805.2416259999999,0
362,1791.4,1191,1538.7761,1318.9916070000002,1758.560593,380.909,0.0,805.2416259999999,1
363,1507.6,286,1538.7761,1318.9916070000002,1758.560593,380.909,0.0,805.2416259999999,0
364,1638.0,631,1538.7761,1318.9916070000002,1758.560593,380.909,0.0,805.2416259999999,0
365,1428.0,139,1538.7761,1318.9916070000002,1758.560593,380.909,0.0,805.2416259999999,0
366,1590.2,529,1538.7761,1318.9916070000002,1758.560593,380.909,0.0,805.2416259999999,0
367,1465.8,544,1538.7761,1318.9916070000002,1758.560593,380.909,0.0,805.2416259999999,0
368,1527.2,323,1538.7761,1318.9916070000002,1758.560593,380.909,0.0,805.2416259999999,0
369,1579.0,450,1538.7761,1318.9916070000002,1758.560593,380.909,0.0,805.2416259999999,0
370,1493.4,256,1538.7761,1318.9916070000002,1758.560593,380.909,0.0,805.2416259999999,0
371,1443.8,161,1538.7761,1318.9916070000002,1758.560593,380.909,0.0,805.2416259999999,0
372,1497.4,503,1538.7761,1318.9916070000002,1758.560593,380.909,0.0,805.2416259999999,0
373,1559.2,92,1538.7761,1318.9916070000002,1758.560593,380.909,0.0,805.2416259999999,0
374,1544.4,301,1538.7761,1318.9916070000002,1758.560593,380.909,0.0,805.2416259999999,0
375,1523.4,514,1538.7761,1318.9916070000002,1758.560593,380.909,0.0,805.2416259999999,0
376,1440.6,366,1538.7761,1318.9916070000002,1758.560593,380.909,0.0,805.2416259999999,0
377,1619.6,320,1538.7761,1318.9916070000002,1758.560593,380.909,0.0,805.2416259999999,0
378,1632.4,470,1538.7761,1318.9916070000002,1758.560593,380.909,0.0,805.2416259999999,0
379,1645.0,442,1538.7761,1318.9916070000002,1758.560593,380.909,0.0,805.2416259999999,0
380,1419.2,230,1538.7761,1318.9916070000002,1758.560593,380.909,0.0,805.2416259999999,0
381,1645.8,475,1538.7761,1318.9916070000002,1758.560593,380.909,0.0,805.2416259999999,0
382,1606.6,547,1538.7761,1318.9916070000002,1758.560593,380.909,0.0,805.2416259999999,0
383,1523.8,327,1538.7761,1318.9916070000002,1758.560593,380.909,0.0,805.2416259999999,0
384,1499.2,271,1538.7761,1318.9916070000002,1758.560593,380.909,0.0,805.2416259999999,0
385,1684.8,808,1538.7761,1318.9916070000002,1758.560593,380.909,0.0,805.2416259999999,0
386,1512.6,309,1538.7761,1318.9916070000002,1758.560593,380.909,0.0,805.2416259999999,0
387,1712.0,400,1538.7761,1318.9916070000002,1758.560593,380.909,0.0,805.2416259999999,0
388,1547.4,826,1538.7761,1318.9916070000002,1758.560593,380.909,0.0,805.2416259999999,0
389,1590.8,366,1538.7761,1318.9916070000002,1758.560593,380.909,0.0,805.2416259999999,0
390,1530.6,212,1538.7761,1318.9916070000002,1758.560593,380.909,0.0,805.2416259999999,0
391,1527.2,573,1538.7761,1318.9916070000002,1758.560593,380.909,0.0,805.2416259999999,0
392,1421.2,310,1538.7761,1318.9916070000002,1758.560593,380.909,0.0,805.2416259999999,0
393,1413.8,69,1538.7761,1318.9916070000002,1758.560593,380.909,0.0,805.2416259999999,0
394,1519.4,350,1538.7761,1318.9916070000002,1758.560593,380.909,0.0,805.2416259999999,0
395,1461.8,545,1538.7761,1318.9916070000002,1758.560593,380.909,0.0,805.2416259999999,0
396,1467.2,214,1538.7761,1318.9916070000002,1758.560593,380.909,0.0,805.2416259999999,0
397,1403.8,186,1538.7761,1318.9916070000002,1758.560593,380.909,0.0,805.2416259999999,0
398,1567.8,365,1538.7761,1318.9916070000002,1758.560593,380.909,0.0,805.2416259999999,0
399,1449.4,208,1538.7761,1318.9916070000002,1758.560593,380.909,0.0,805.2416259999999,0
400,1543.2,256,1538.7761,1318.9916070000002,1758.560593,380.909,0.0,805.2416259999999,0
401,1510.4,375,1538.7761,1318.9916070000002,1758.560593,380.909,0.0,805.2416259999999,0
402,1595.0,430,1538.7761,1318.9916070000002,1758.560593,380.909,0.0,805.2416259999999,0
403,1417.2,338,1538.7761,1318.9916070000002,1758.560593,380.909,0.0,805.2416259999999,0
404,1455.4,359,1538.7761,1318.9916070000002,1758.560593,380.909,0.0,805.2416259999999,0
405,1515.8,349,1538.7761,1318.9916070000002,1758.560593,380.909,0.0,805.2416259999999,0
406,1519.2,401,1538.7761,1318.9916070000002,1758.560593,380.909,0.0,805.2416259999999,0
407,1391.8,113,1538.7761,1318.9916070000002,1758.560593,380.909,0.0,805.2416259999999,0
408,1631.0,535,1538.7761,1318.9916070000002,1758.560593,380.909,0.0,805.2416259999999,0
409,1566.0,289,1538.7761,1318.9916070000002,1758.560593,380.909,0.0,805.2416259999999,0
410,1583.4,387,1538.7761,1318.9916070000002,1758.560593,380.909,0.0,805.2416259999999,0
411,1521.8,293,1538.7761,1318.9916070000002,1758.560593,380.909,0.0,805.2416259999999,0
412,1556.8,569,1538.7761,1318.9916070000002,1758.560593,380.909,0.0,805.2416259999999,0
413,1482.6,482,1538.7761,1318.9916070000002,1758.560593,380.909,0.0,805.2416259999999,0
414,1514.2,134,1538.7761,1318.9916070000002,1758.560593,380.909,0.0,805.2416259999999,0
415,1502.8,364,1538.7761,1318.9916070000002,1758.560593,380.909,0.0,805.2416259999999,0
416,1570.0,311,1538.7761,1318.9916070000002,1758.560593,380.909,0.0,805.2416259999999,0
417,1692.6,838,1538.7761,1318.9916070000002,1758.560593,380.909,0.0,805.2416259999999,0
418,1550.0,610,1538.7761,1318.9916070000002,1758.560593,380.909,0.0,805.2416259999999,0
419,1442.2,187,1538.7761,1318.9916070000002,1758.560593,380.909,0.0,805.2416259999999,0
420,1447.0,270,1538.7761,1318.9916070000002,1758.560593,380.909,0.0,805.2416259999999,0
421,1460.0,275,1538.7761,1318.9916070000002,1758.560593,380.909,0.0,805.2416259999999,0
422,1493.6,230,1538.7761,1318.9916070000002,1758.560593,380.909,0.0,805.2416259999999,0
423,1606.4,490,1538.7761,1318.9916070000002,1758.560593,380.909,0.0,805.2416259999999,0
424,1566.8,477,1538.7761,1318.9916070000002,1758.560593,380.909,0.0,805.2416259999999,0
425,1571.0,478,1538.7761,1318.9916070000002,1758.560593,380.909,0.0,805.2416259999999,0
426,1507.8,542,1538.7761,1318.9916070000002,1758.560593,380.909,0.0,805.2416259999999,0
427,1537.6,341,1538.7761,1318.9916070000002,1758.560593,380.909,0.0,805.2416259999999,0
428,1574.2,319,1538.7761,1318.9916070000002,1758.560593,380.909,0.0,805.2416259999999,0
429,1453.0,201,1538.7761,1318.9916070000002,1758.560593,380.909,0.0,805.2416259999999,0
430,1588.6,97,1538.7761,1318.9916070000002,1758.560593,380.909,0.0,805.2416259999999,0
431,1547.4,478,1538.7761,1318.9916070000002,1758.560593,380.909,0.0,805.2416259999999,0
432,1547.6,598,1538.7761,1318.9916070000002,1758.560593,380.909,0.0,805.2416259999999,0
433,1453.8,204,1538.7761,1318.9916070000002,1758.560593,380.909,0.0,805.2416259999999,0
434,1553.2,452,1538.7761,1318.9916070000002,1758.560593,380.909,0.0,805.2416259999999,0
435,1577.0,321,1538.7761,1318.9916070000002,1758.560593,380.909,0.0,805.2416259999999,0
436,1514.6,215,1538.7761,1318.9916070000002,1758.560593,380.909,0.0,805.2416259999999,0
437,1502.2,283,1538.7761,1318.9916070000002,1758.560593,380.909,0.0,805.2416259999999,0
438,1497.6,210,1538.7761,1318.9916070000002,1758.560593,380.909,0.0,805.2416259999999,0
439,1521.4,200,1538.7761,1318.9916070000002,1758.560593,380.909,0.0,805.2416259999999,0
440,1464.4,345,1538.7761,1318.9916070000002,1758.560593,380.909,0.0,805.2416259999999,0
441,1525.4,262,1538.7761,1318.9916070000002,1758.560593,380.909,0.0,805.2416259999999,0
442,1494.4,238,1538.7761,1318.9916070000002,1758.560593,380.909,0.0,805.2416259999999,0
443,1389.8,230,1538.7761,1318.9916070000002,1758.560593,380.909,0.0,805.2416259999999,0
444,1521.6,366,1538.7761,1318.9916070000002,1758.560593,380.909,0.0,805.2416259999999,0
445,1554.2,364,1538.7761,1318.9916070000002,1758.560593,380.909,0.0,805.2416259999999,0
446,1667.6,500,1538.7761,1318.9916070000002,1758.560593,380.909,0.0,805.2416259999999,0
447,1714.8,1134,1538.7761,1318.9916070000002,1758.560593,380.909,0.0,805.2416259999999,0
448,1427.0,93,1538.7761,1318.9916070000002,1758.560593,380.909,0.0,805.2416259999999,0
449,1568.4,254,1538.7761,1318.9916070000002,1758.560593,380.909,0.0,805.2416259999999,0
450,1397.2,138,1538.7761,1318.9916070000002,1758.560593,380.909,0.0,805.2416259999999,0
451,1396.4,126,1538.7761,1318.9916070000002,1758.560593,380.909,0.0,805.2416259999999,0
452,1538.0,573,1538.7761,1318.9916070000002,1758.560593,380.909,0.0,805.2416259999999,0
453,1486.6,118,1538.7761,1318.9916070000002,1758.560593,380.909,0.0,805.2416259999999,0
454,1366.6,124,1538.7761,1318.9916070000002,1758.560593,380.909,0.0,805.2416259999999,0
455,1563.0,384,1538.7761,1318.9916070000002,1758.560593,380.909,0.0,805.2416259999999,0
456,1478.0,212,1538.7761,1318.9916070000002,1758.560593,380.909,0.0,805.2416259999999,0
457,1430.0,158,1538.7761,1318.9916070000002,1758.560593,380.909,0.0,805.2416259999999,0
458,1492.2,457,1538.7761,1318.9916070000002,1758.560593,380.909,0.0,805.2416259999999,0
459,1555.2,565,1538.7761,1318.9916070000002,1758.560593,380.909,0.0,805.2416259999999,0
460,1559.0,356,1538.7761,1318.9916070000002,1758.560593,380.909,0.0,805.2416259999999,0
461,1460.2,215,1538.7761,1318.9916070000002,1758.560593,380.909,0.0,805.2416259999999,0
462,1441.4,363,1538.7761,1318.9916070000002,1758.560593,380.909,0.0,805.2416259999999,0
463,1512.0,357,1538.7761,1318.9916070000002,1758.560593,380.909,0.0,805.2416259999999,0
464,1555.6,295,1538.7761,1318.9916070000002,1758.560593,380.909,0.0,805.2416259999999,0
465,1461.0,322,1538.7761,1318.9916070000002,1758.560593,380.909,0.0,805.2416259999999,0
466,1514.6,183,1538.7761,1318.9916070000002,1758.560593,380.909,0.0,805.2416259999999,0
467,1408.4,67,1538.7761,1318.9916070000002,1758.560593,380.909,0.0,805.2416259999999,0
468,1587.4,443,1538.7761,1318.9916070000002,1758.560593,380.909,0.0,805.2416259999999,0
469,1524.4,450,1538.7761,1318.9916070000002,1758.560593,380.909,0.0,805.2416259999999,0
470,1421.8,89,1538.7761,1318.9916070000002,1758.560593,380.909,0.0,805.2416259999999,0
471,1566.6,448,1538.7761,1318.9916070000002,1758.560593,380.909,0.0,805.2416259999999,0
472,1473.8,467,1538.7761,1318.9916070000002,1758.560593,380.909,0.0,805.2416259999999,0
473,1483.0,265,1538.7761,1318.9916070000002,1758.560593,380.909,0.0,805.2416259999999,0
474,1630.0,388,1538.7761,1318.9916070000002,1758.560593,380.909,0.0,805.2416259999999,0
475,1464.2,270,1538.7761,1318.9916070000002,1758.560593,380.909,0.0,805.2416259999999,0
476,1444.0,234,1538.7761,1318.9916070000002,1758.560593,380.909,0.0,805.2416259999999,0
477,1482.0,359,1538.7761,1318.9916070000002,1758.560593,380.909,0.0,805.2416259999999,0
478,1586.8,393,1538.7761,1318.9916070000002,1758.560593,380.909,0.0,805.2416259999999,0
479,1487.8,240,1538.7761,1318.9916070000002,1758.560593,380.909,0.0,805.2416259999999,0
480,1600.0,252,1538.7761,1318.9916070000002,1758.560593,380.909,0.0,805.2416259999999,0
481,1522.0,683,1538.7761,1318.9916070000002,1758.560593,380.909,0.0,805.2416259999999,0
482,1465.8,183,1538.7761,1318.9916070000002,1758.560593,380.909,0.0,805.2416259999999,0
483,1591.4,478,1538.7761,1318.9916070000002,1758.560593,380.909,0.0,805.2416259999999,0
484,1544.4,332,1538.7761,1318.9916070000002,1758.560593,380.909,0.0,805.2416259999999,0
485,1825.4,941,1538.7761,1318.9916070000002,1758.560593,380.909,0.0,805.2416259999999,1
486,1501.6,483,1538.7761,1318.9916070000002,1758.560593,380.909,0.0,805.2416259999999,0
487,1411.0,175,1538.7761,1318.9916070000002,1758.560593,380.909,0.0,805.2416259999999,0
488,1559.4,363,1538.7761,1318.9916070000002,1758.560593,380.909,0.0,805.2416259999999,0
489,1469.6,409,1538.7761,1318.9916070000002,1758.560593,380.909,0.0,805.2416259999999,0
490,1483.4,397,1538.7761,1318.9916070000002,1758.560593,380.909,0.0,805.2416259999999,0
491,1754.4,837,1538.7761,1318.9916070000002,1758.560593,380.909,0.0,805.2416259999999,0
492,1578.6,649,1538.7761,1318.9916070000002,1758.560593,380.909,0.0,805.2416259999999,0
493,1567.8,276,1538.7761,1318.9916070000002,1758.560593,380.909,0.0,805.2416259999999,0
494,1503.0,145,1538.7761,1318.9916070000002,1758.560593,380.909,0.0,805.2416259999999,0
495,1451.0,254,1538.7761,1318.9916070000002,1758.560593,380.909,0.0,805.2416259999999,0
496,1471.0,217,1538.7761,1318.9916070000002,1758.560593,380.909,0.0,805.2416259999999,0
497,1508.4,356,1538.7761,1318.9916070000002,1758.560593,380.909,0.0,805.2416259999999,0
498,1568.8,416,1538.7761,1318.9916070000002,1758.560593,380.909,0.0,805.2416259999999,0
499,1428.0,237,1538.7761,1318.9916070000002,1758.560593,380.909,0.0,805.2416259999999,0
500,1475.4,248,1538.7761,1318.9916070000002,1758.560593,380.909,0.0,805.2416259999999,0
501,1496.8,209,1538.7761,1318.9916070000002,1758.560593,380.909,0.0,805.2416259999999,0
502,1485.2,228,1538.7761,1318.9916070000002,1758.560593,380.909,0.0,805.2416259999999,0
503,1622.6,664,1538.7761,1318.9916070000002,1758.560593,380.909,0.0,805.2416259999999,0
504,1535.4,341,1538.7761,1318.9916070000002,1758.560593,380.909,0.0,805.2416259999999,0
505,1548.6,189,1538.7761,1318.9916070000002,1758.560593,380.909,0.0,805.2416259999999,0
506,1570.0,280,1538.7761,1318.9916070000002,1758.560593,380.909,0.0,805.2416259999999,0
507,1511.2,340,1538.7761,1318.9916070000002,1758.560593,380.909,0.0,805.2416259999999,0
508,1394.2,214,1538.7761,1318.9916070000002,1758.560593,380.909,0.0,805.2416259999999,0
509,1700.8,449,1538.7761,1318.9916070000002,1758.560593,380.909,0.0,805.2416259999999,0
510,1530.6,165,1538.7761,1318.9916070000002,1758.560593,380.909,0.0,805.2416259999999,0
511,1492.6,186,1538.7761,1318.9916070000002,1758.560593,380.909,0.0,805.2416259999999,0
512,1545.6,441,1538.7761,1318.9916070000002,1758.560593,380.909,0.0,805.2416259999999,0
513,1494.6,281,1538.7761,1318.9916070000002,1758.560593,380.909,0.0,805.2416259999999,0
514,1562.4,568,1538.7761,1318.9916070000002,1758.560593,380.909,0.0,805.2416259999999,0
515,1606.6,620,1538.7761,1318.9916070000002,1758.560593,380.909,0.0,805.2416259999999,0
516,1538.8,404,1538.7761,1318.9916070000002,1758.560593,380.909,0.0,805.2416259999999,0
517,1419.4,322,1538.7761,1318.9916070000002,1758.560593,380.909,0.0,805.2416259999999,0
518,1872.2,713,1538.7761,1318.9916070000002,1758.560593,380.909,0.0,805.2416259999999,1
519,1463.6,143,1538.7761,1318.9916070000002,1758.560593,380.909,0.0,805.2416259999999,0
520,1425.6,166,1538.7761,1318.9916070000002,1758.560593,380.909,0.0,805.2416259999999,0
521,1393.4,93,1538.7761,1318.9916070000002,1758.560593,380.909,0.0,805.2416259999999,0
522,1512.8,212,1538.7761,1318.9916070000002,1758.560593,380.909,0.0,805.2416259999999,0
523,1826.0,874,1538.7761,1318.9916070000002,1758.560593,380.909,0.0,805.2416259999999,1
524,1484.6,463,1538.7761,1318.9916070000002,1758.560593,380.909,0.0,805.2416259999999,0
525,1472.4,359,1538.7761,1318.9916070000002,1758.560593,380.909,0.0,805.2416259999999,0
526,1478.2,304,1538.7761,1318.9916070000002,1758.560593,380.909,0.0,805.2416259999999,0
527,1527.8,280,1538.7761,1318.9916070000002,1758.560593,380.909,0.0,805.2416259999999,0
528,1432.2,485,1538.7761,1318.9916070000002,1758.560593,380.909,0.0,805.2416259999999,0
529,1449.0,170,1538.7761,1318.9916070000002,1758.560593,380.909,0.0,805.2416259999999,0
530,1485.2,174,1538.7761,1318.9916070000002,1758.560593,380.909,0.0,805.2416259999999,0
531,1681.2,728,1538.7761,1318.9916070000002,1758.560593,380.909,0.0,805.2416259999999,0
532,1503.0,402,1538.7761,1318.9916070000002,1758.560593,380.909,0.0,805.2416259999999,0
533,1478.0,329,1538.7761,1318.9916070000002,1758.560593,380.909,0.0,805.2416259999999,0
534,1748.8,762,1538.7761,1318.9916070000002,1758.560593,380.909,0.0,805.2416259999999,0
535,1467.4,147,1538.7761,1318.9916070000002,1758.560593,380.909,0.0,805.2416259999999,0
536,1516.8,145,1538.7761,1318.9916070000002,1758.560593,380.909,0.0,805.2416259999999,0
537,1520.0,277,1538.7761,1318.9916070000002,1758.560593,380.909,0.0,805.2416259999999,0
538,1510.6,319,1538.7761,1318.9916070000002,1758.560593,380.909,0.0,805.2416259999999,0
539,1609.4,297,1538.7761,1318.9916070000002,1758.560593,380.909,0.0,805.2416259999999,0
540,1662.4,647,1538.7761,1318.9916070000002,1758.560593,380.909,0.0,805.2416259999999,0
541,1509.2,427,1538.7761,1318.9916070000002,1758.560593,380.909,0.0,805.2416259999999,0
542,1666.4,940,1538.7761,1318.9916070000002,1758.560593,380.909,0.0,805.2416259999999,0
543,1460.0,349,1538.7761,1318.9916070000002,1758.560593,380.909,0.0,805.2416259999999,0
544,1533.6,344,1538.7761,1318.9916070000002,1758.560593,380.909,0.0,805.2416259999999,0
545,1500.4,197,1538.7761,1318.9916070000002,1758.560593,380.909,0.0,805.2416259999999,0
546,1521.6,362,1538.7761,1318.9916070000002,1758.560593,380.909,0.0,805.2416259999999,0
547,1472.4,251,1538.7761,1318.9916070000002,1758.560593,380.909,0.0,805.2416259999999,0
548,1512.8,164,1538.7761,1318.9916070000002,1758.560593,380.909,0.0,805.2416259999999,0
549,1473.6,251,1538.7761,1318.9916070000002,1758.560593,380.909,0.0,805.2416259999999,0
550,1589.2,274,1538.7761,1318.9916070000002,1758.560593,380.909,0.0,805.2416259999999,0
551,1613.8,434,1538.7761,1318.9916070000002,1758.560593,380.909,0.0,805.2416259999999,0
552,1518.6,369,1538.7761,1318.9916070000002,1758.560593,380.909,0.0,805.2416259999999,0
553,1411.6,192,1538.7761,1318.9916070000002,1758.560593,380.909,0.0,805.2416259999999,0
554,1673.0,526,1538.7761,1318.9916070000002,1758.560593,380.909,0.0,805.2416259999999,0
555,1539.8,494,1538.7761,1318.9916070000002,1758.560593,380.909,0.0,805.2416259999999,0
556,1427.6,252,1538.7761,1318.9916070000002,1758.560593,380.909,0.0,805.2416259999999,0
557,1637.6,753,1538.7761,1318.9916070000002,1758.560593,380.909,0.0,805.2416259999999,0
558,1482.6,304,1538.7761,1318.9916070000002,1758.560593,380.909,0.0,805.2416259999999,0
559,1501.2,241,1538.7761,1318.9916070000002,1758.560593,380.909,0.0,805.2416259999999,0
560,1462.8,170,1538.7761,1318.9916070000002,1758.560593,380.909,0.0,805.2416259999999,0
561,1488.8,299,1538.7761,1318.9916070000002,1758.560593,380.909,0.0,805.2416259999999,0
562,1469.0,234,1538.7761,1318.9916070000002,1758.560593,380.909,0.0,805.2416259999999,0
563,1645.6,492,1538.7761,1318.9916070000002,1758.560593,380.909,0.0,805.2416259999999,0
564,1501.0,373,1538.7761,1318.9916070000002,1758.560593,380.909,0.0,805.2416259999999,0
565,1443.2,273,1538.7761,1318.9916070000002,1758.560593,380.909,0.0,805.2416259999999,0
566,1596.2,463,1538.7761,1318.9916070000002,1758.560593,380.909,0.0,805.2416259999999,0
567,1508.6,439,1538.7761,1318.9916070000002,1758.560593,380.909,0.0,805.2416259999999,0
568,1513.8,337,1538.7761,1318.9916070000002,1758.560593,380.909,0.0,805.2416259999999,0
569,1543.8,360,1538.7761,1318.9916070000002,1758.560593,380.909,0.0,805.2416259999999,0
570,1498.4,375,1538.7761,1318.9916070000002,1758.560593,380.909,0.0,805.2416259999999,0
571,1480.0,324,1538.7761,1318.9916070000002,1758.560593,380.909,0.0,805.2416259999999,0
572,1498.6,132,1538.7761,1318.9916070000002,1758.560593,380.909,0.0,805.2416259999999,0
573,1532.0,487,1538.7761,1318.9916070000002,1758.560593,380.909,0.0,805.2416259999999,0
574,1589.4,607,1538.7761,1318.9916070000002,1758.560593,380.909,0.0,805.2416259999999,0
575,1552.2,209,1538.7761,1318.9916070000002,1758.560593,380.909,0.0,805.2416259999999,0
576,1595.8,510,1538.7761,1318.9916070000002,1758.560593,380.909,0.0,805.2416259999999,0
577,1531.8,275,1538.7761,1318.9916070000002,1758.560593,380.909,0.0,805.2416259999999,0
578,1506.8,371,1538.7761,1318.9916070000002,1758.560593,380.909,0.0,805.2416259999999,0
579,1581.0,404,1538.7761,1318.9916070000002,1758.560593,380.909,0.0,805.2416259999999,0
580,1519.2,223,1538.7761,1318.9916070000002,1758.560593,380.909,0.0,805.2416259999999,0
581,1753.8,1071,1538.7761,1318.9916070000002,1758.560593,380.909,0.0,805.2416259999999,0
582,1458.6,330,1538.7761,1318.9916070000002,1758.560593,380.909,0.0,805.2416259999999,0
583,1603.6,536,1538.7761,1318.9916070000002,1758.560593,380.909,0.0,805.2416259999999,0
584,1480.0,471,1538.7761,1318.9916070000002,1758.560593,380.909,0.0,805.2416259999999,0
585,1518.8,260,1538.7761,1318.9916070000002,1758.560593,380.909,0.0,805.2416259999999,0
586,1411.2,249,1538.7761,1318.9916070000002,1758.560593,380.909,0.0,805.2416259999999,0
587,1506.6,378,1538.7761,1318.9916070000002,1758.560593,380.909,0.0,805.2416259999999,0
588,1558.8,416,1538.7761,1318.9916070000002,1758.560593,380.909,0.0,805.2416259999999,0
589,1864.8,894,1538.7761,1318.9916070000002,1758.560593,380.909,0.0,805.2416259999999,1
590,1691.8,455,1538.7761,1318.9916070000002,1758.560593,380.909,0.0,805.2416259999999,0
591,1613.2,246,1538.7761,1318.9916070000002,1758.560593,380.909,0.0,805.2416259999999,0
592,1482.2,185,1538.7761,1318.9916070000002,1758.560593,380.909,0.0,805.2416259999999,0
593,1552.0,253,1538.7761,1318.9916070000002,1758.560593,380.909,0.0,805.2416259999999,0
594,1517.6,526,1538.7761,1318.9916070000002,1758.560593,380.909,0.0,805.2416259999999,0
595,1461.6,128,1538.7761,1318.9916070000002,1758.560593,380.909,0.0,805.2416259999999,0
596,1567.6,521,1538.7761,1318.9916070000002,1758.560593,380.909,0.0,805.2416259999999,0
597,1540.2,505,1538.7761,1318.9916070000002,1758.560593,380.909,0.0,805.2416259999999,0
598,1548.8,204,1538.7761,1318.9916070000002,1758.560593,380.909,0.0,805.2416259999999,0
599,1509.0,347,1538.7761,1318.9916070000002,1758.560593,380.909,0.0,805.2416259999999,0
600,1482.8,271,1538.7761,1318.9916070000002,1758.560593,380.909,0.0,805.2416259999999,0
601,1447.8,231,1538.7761,1318.9916070000002,1758.560593,380.909,0.0,805.2416259999999,0
602,1463.6,233,1538.7761,1318.9916070000002,1758.560593,380.909,0.0,805.2416259999999,0
603,1474.6,190,1538.7761,1318.9916070000002,1758.560593,380.909,0.0,805.2416259999999,0
604,1456.0,284,1538.7761,1318.9916070000002,1758.560593,380.909,0.0,805.2416259999999,0
605,1580.0,339,1538.7761,1318.9916070000002,1758.560593,380.909,0.0,805.2416259999999,0
606,1587.0,522,1538.7761,1318.9916070000002,1758.560593,380.909,0.0,805.2416259999999,0
607,1560.6,545,1538.7761,1318.9916070000002,1758.560593,380.909,0.0,805.2416259999999,0
608,1529.6,568,1538.7761,1318.9916070000002,1758.560593,380.909,0.0,805.2416259999999,0
609,1601.6,522,1538.7761,1318.9916070000002,1758.560593,380.909,0.0,805.2416259999999,0
610,1488.6,232,1538.7761,1318.9916070000002,1758.560593,380.909,0.0,805.2416259999999,0
611,1413.2,164,1538.7761,1318.9916070000002,1758.560593,380.909,0.0,805.2416259999999,0
612,1514.2,341,1538.7761,1318.9916070000002,1758.560593,380.909,0.0,805.2416259999999,0
613,1590.0,529,1538.7761,1318.9916070000002,1758.560593,380.909,0.0,805.2416259999999,0
614,1618.0,334,1538.7761,1318.9916070000002,1758.560593,380.909,0.0,805.2416259999999,0
615,1676.0,860,1538.7761,1318.9916070000002,1758.560593,380.909,0.0,805.2416259999999,0
616,1471.8,501,1538.7761,1318.9916070000002,1758.560593,380.909,0.0,805.2416259999999,0
617,1583.8,603,1538.7761,1318.9916070000002,1758.560593,380.909,0.0,805.2416259999999,0
618,1533.8,183,1538.7761,1318.9916070000002,1758.560593,380.909,0.0,805.2416259999999,0
619,1733.6,896,1538.7761,1318.9916070000002,1758.560593,380.909,0.0,805.2416259999999,0
620,1477.8,221,1538.7761,1318.9916070000002,1758.560593,380.909,0.0,805.2416259999999,0
621,1560.6,266,1538.7761,1318.9916070000002,1758.560593,380.909,0.0,805.2416259999999,0
622,1509.6,156,1538.7761,1318.9916070000002,1758.560593,380.909,0.0,805.2416259999999,0
623,1533.4,414,1538.7761,1318.9916070000002,1758.560593,380.909,0.0,805.2416259999999,0
624,1601.8,400,1538.7761,1318.9916070000002,1758.560593,380.909,0.0,805.2416259999999,0
625,1648.6,668,1538.7761,1318.9916070000002,1758.560593,380.909,0.0,805.2416259999999,0
626,1602.8,255,1538.7761,1318.9916070000002,1758.560593,380.909,0.0,805.2416259999999,0
627,1555.6,401,1538.7761,1318.9916070000002,1758.560593,380.909,0.0,805.2416259999999,0
628,1446.6,225,1538.7761,1318.9916070000002,1758.560593,380.909,0.0,805.2416259999999,0
629,1727.8,1144,1538.7761,1318.9916070000002,1758.560593,380.909,0.0,805.2416259999999,0
630,1516.6,365,1538.7761,1318.9916070000002,1758.560593,380.909,0.0,805.2416259999999,0
631,1486.2,106,1538.7761,1318.9916070000002,1758.560593,380.909,0.0,805.2416259999999,0
632,1482.0,312,1538.7761,1318.9916070000002,1758.560593,380.909,0.0,805.2416259999999,0
633,1479.0,371,1538.7761,1318.9916070000002,1758.560593,380.909,0.0,805.2416259999999,0
634,1549.6,291,1538.7761,1318.9916070000002,1758.560593,380.909,0.0,805.2416259999999,0
635,1556.6,299,1538.7761,1318.9916070000002,1758.560593,380.909,0.0,805.2416259999999,0
636,1473.2,241,1538.7761,1318.9916070000002,1758.560593,380.909,0.0,805.2416259999999,0
637,1534.6,221,1538.7761,1318.9916070000002,1758.560593,380.909,0.0,805.2416259999999,0
638,1576.4,314,1538.7761,1318.9916070000002,1758.560593,380.909,0.0,805.2416259999999,0
639,1520.8,331,1538.7761,1318.9916070000002,1758.560593,380.909,0.0,805.2416259999999,0
640,1522.4,172,1538.7761,1318.9916070000002,1758.560593,380.909,0.0,805.2416259999999,0
641,1460.0,129,1538.7761,1318.9916070000002,1758.560593,380.909,0.0,805.2416259999999,0
642,1559.0,236,1538.7761,1318.9916070000002,1758.560593,380.909,0.0,805.2416259999999,0
643,1524.6,388,1538.7761,1318.9916070000002,1758.560593,380.909,0.0,805.2416259999999,0
644,1757.2,753,1538.7761,1318.9916070000002,1758.560593,380.909,0.0,805.2416259999999,0
645,1487.0,134,1538.7761,1318.9916070000002,1758.560593,380.909,0.0,805.2416259999999,0
646,1489.0,147,1538.7761,1318.9916070000002,1758.560593,380.909,0.0,805.2416259999999,0
647,1504.8,155,1538.7761,1318.9916070000002,1758.560593,380.909,0.0,805.2416259999999,0
648,1640.0,604,1538.7761,1318.9916070000002,1758.560593,380.909,0.0,805.2416259999999,0
649,1517.2,340,1538.7761,1318.9916070000002,1758.560593,380.909,0.0,805.2416259999999,0
650,1530.8,126,1538.7761,1318.9916070000002,1758.560593,380.909,0.0,805.2416259999999,0
651,1533.6,421,1538.7761,1318.9916070000002,1758.560593,380.909,0.0,805.2416259999999,0
652,1652.4,493,1538.7761,1318.9916070000002,1758.560593,380.909,0.0,805.2416259999999,0
653,1578.8,724,1538.7761,1318.9916070000002,1758.560593,380.909,0.0,805.2416259999999,0
654,1479.0,427,1538.7761,1318.9916070000002,1758.560593,380.909,0.0,805.2416259999999,0
655,1689.8,372,1538.7761,1318.9916070000002,1758.560593,380.909,0.0,805.2416259999999,0
656,1477.8,150,1538.7761,1318.9916070000002,1758.560593,380.909,0.0,805.2416259999999,0
657,1445.4,153,1538.7761,1318.9916070000002,1758.560593,380.909,0.0,805.2416259999999,0
658,1564.0,392,1538.7761,1318.9916070000002,1758.560593,380.909,0.0,805.2416259999999,0
659,1455.6,300,1538.7761,1318.9916070000002,1758.560593,380.909,0.0,805.2416259999999,0
660,1462.4,169,1538.7761,1318.9916070000002,1758.560593,380.909,0.0,805.2416259999999,0
661,1458.6,173,1538.7761,1318.9916070000002,1758.560593,380.909,0.0,805.2416259999999,0
662,1477.8,193,1538.7761,1318.9916070000002,1758.560593,380.909,0.0,805.2416259999999,0
663,1534.0,391,1538.7761,1318.9916070000002,1758.560593,380.909,0.0,805.2416259999999,0
664,1494.0,472,1538.7761,1318.9916070000002,1758.560593,380.909,0.0,805.2416259999999,0
665,1665.8,938,1538.7761,1318.9916070000002,1758.560593,380.909,0.0,805.2416259999999,0
666,1816.4,1014,1538.7761,1318.9916070000002,1758.560593,380.909,0.0,805.2416259999999,1
667,1501.2,328,1538.7761,1318.9916070000002,1758.560593,380.909,0.0,805.2416259999999,0
668,1561.2,213,1538.7761,1318.9916070000002,1758.560593,380.909,0.0,805.2416259999999,0
669,1499.4,377,1538.7761,1318.9916070000002,1758.560593,380.909,0.0,805.2416259999999,0
670,1617.8,232,1538.7761,1318.9916070000002,1758.560593,380.909,0.0,805.2416259999999,0
671,1553.2,395,1538.7761,1318.9916070000002,1758.560593,380.909,0.0,805.2416259999999,0
672,1436.6,170,1538.7761,1318.9916070000002,1758.560593,380.909,0.0,805.2416259999999,0
673,1509.2,239,1538.7761,1318.9916070000002,1758.560593,380.909,0.0,805.2416259999999,0
674,1844.4,1410,1538.7761,1318.9916070000002,1758.560593,380.909,0.0,805.2416259999999,1
675,1589.6,613,1538.7761,1318.9916070000002,1758.560593,380.909,0.0,805.2416259999999,0
676,1492.4,206,1538.7761,1318.9916070000002,1758.560593,380.909,0.0,805.2416259999999,0
677,1515.2,298,1538.7761,1318.9916070000002,1758.560593,380.909,0.0,805.2416259999999,0
678,1416.2,184,1538.7761,1318.9916070000002,1758.560593,380.909,0.0,805.2416259999999,0
679,1473.6,194,1538.7761,1318.9916070000002,1758.560593,380.909,0.0,805.2416259999999,0
680,1606.8,216,1538.7761,1318.9916070000002,1758.560593,380.909,0.0,805.2416259999999,0
681,1506.4,358,1538.7761,1318.9916070000002,1758.560593,380.909,0.0,805.2416259999999,0
682,1513.0,316,1538.7761,1318.9916070000002,1758.560593,380.909,0.0,805.2416259999999,0
683,1459.6,247,1538.7761,1318.9916070000002,1758.560593,380.909,0.0,805.2416259999999,0
684,1560.2,186,1538.7761,1318.9916070000002,1758.560593,380.909,0.0,805.2416259999999,0
685,1632.8,338,1538.7761,1318.9916070000002,1758.560593,380.909,0.0,805.2416259999999,0
686,1501.4,243,1538.7761,1318.9916070000002,1758.560593,380.909,0.0,805.2416259999999,0
687,1719.6,600,1538.7761,1318.9916070000002,1758.560593,380.909,0.0,805.2416259999999,0
688,1623.0,908,1538.7761,1318.9916070000002,1758.560593,380.909,0.0,805.2416259999999,0
689,1486.0,178,1538.7761,1318.9916070000002,1758.560593,380.909,0.0,805.2416259999999,0
690,1541.2,224,1538.7761,1318.9916070000002,1758.560593,380.909,0.0,805.2416259999999,0
691,1581.2,493,1538.7761,1318.9916070000002,1758.560593,380.909,0.0,805.2416259999999,0
692,1691.8,1369,1538.7761,1318.9916070000002,1758.560593,380.909,0.0,805.2416259999999,0
693,1528.6,506,1538.7761,1318.9916070000002,1758.560593,380.909,0.0,805.2416259999999,0
694,1562.4,709,1538.7761,1318.9916070000002,1758.560593,380.909,0.0,805.2416259999999,0
695,1589.6,295,1538.7761,1318.9916070000002,1758.560593,380.909,0.0,805.2416259999999,0
696,1585.8,122,1538.7761,1318.9916070000002,1758.560593,380.909,0.0,805.2416259999999,0
697,1515.4,263,1538.7761,1318.9916070000002,1758.560593,380.909,0.0,805.2416259999999,0
698,1501.2,271,1538.7761,1318.9916070000002,1758.560593,380.909,0.0,805.2416259999999,0
699,1536.6,427,1538.7761,1318.9916070000002,1758.560593,380.909,0.0,805.2416259999999,0
700,1395.4,353,1538.7761,1318.9916070000002,1758.560593,380.909,0.0,805.2416259999999,0
701,1505.0,580,1538.7761,1318.9916070000002,1758.560593,380.909,0.0,805.2416259999999,0
702,1608.4,336,1538.7761,1318.9916070000002,1758.560593,380.909,0.0,805.2416259999999,0
703,1407.2,152,1538.7761,1318.9916070000002,1758.560593,380.909,0.0,805.2416259999999,0
704,1500.4,229,1538.7761,1318.9916070000002,1758.560593,380.909,0.0,805.2416259999999,0
705,1549.4,304,1538.7761,1318.9916070000002,1758.560593,380.909,0.0,805.2416259999999,0
706,1519.4,231,1538.7761,1318.9916070000002,1758.560593,380.909,0.0,805.2416259999999,0
707,1580.0,328,1538.7761,1318.9916070000002,1758.560593,380.909,0.0,805.2416259999999,0
708,1721.0,348,1538.7761,1318.9916070000002,1758.560593,380.909,0.0,805.2416259999999,0
709,1590.2,450,1538.7761,1318.9916070000002,1758.560593,380.909,0.0,805.2416259999999,0
710,1455.0,317,1538.7761,1318.9916070000002,1758.560593,380.909,0.0,805.2416259999999,0
711,1546.4,441,1538.7761,1318.9916070000002,1758.560593,380.909,0.0,805.2416259999999,0
712,1599.4,434,1538.7761,1318.9916070000002,1758.560593,380.909,0.0,805.2416259999999,0
713,1518.8,215,1538.7761,1318.9916070000002,1758.560593,380.909,0.0,805.2416259999999,0
714,1437.4,257,1538.7761,1318.9916070000002,1758.560593,380.909,0.0,805.2416259999999,0
715,1488.2,285,1538.7761,1318.9916070000002,1758.560593,380.909,0.0,805.2416259999999,0
716,1783.6,1217,1538.7761,1318.9916070000002,1758.560593,380.909,0.0,805.2416259999999,1
717,1489.4,559,1538.7761,1318.9916070000002,1758.560593,380.909,0.0,805.2416259999999,0
718,1797.6,987,1538.7761,1318.9916070000002,1758.560593,380.909,0.0,805.2416259999999,1
719,1411.8,89,1538.7761,1318.9916070000002,1758.560593,380.909,0.0,805.2416259999999,0
720,1476.4,370,1538.7761,1318.9916070000002,1758.560593,380.909,0.0,805.2416259999999,0
721,1483.2,180,1538.7761,1318.9916070000002,1758.560593,380.909,0.0,805.2416259999999,0
722,1639.0,636,1538.7761,1318.9916070000002,1758.560593,380.909,0.0,805.2416259999999,0
723,1556.8,217,1538.7761,1318.9916070000002,1758.560593,380.909,0.0,805.2416259999999,0
724,1494.4,234,1538.7761,1318.9916070000002,1758.560593,380.909,0.0,805.2416259999999,0
725,1551.4,183,1538.7761,1318.9916070000002,1758.560593,380.909,0.0,805.2416259999999,0
726,1487.8,249,1538.7761,1318.9916070000002,1758.560593,380.909,0.0,805.2416259999999,0
727,1583.6,426,1538.7761,1318.9916070000002,1758.560593,380.909,0.0,805.2416259999999,0
728,1551.6,181,1538.7761,1318.9916070000002,1758.560593,380.909,0.0,805.2416259999999,0
729,1534.6,475,1538.7761,1318.9916070000002,1758.560593,380.909,0.0,805.2416259999999,0
730,1525.4,450,1538.7761,1318.9916070000002,1758.560593,380.909,0.0,805.2416259999999,0
731,1470.4,262,1538.7761,1318.9916070000002,1758.560593,380.909,0.0,805.2416259999999,0
732,1545.8,351,1538.7761,1318.9916070000002,1758.560593,380.909,0.0,805.2416259999999,0
733,1536.2,287,1538.7761,1318.9916070000002,1758.560593,380.909,0.0,805.2416259999999,0
734,1521.2,307,1538.7761,1318.9916070000002,1758.560593,380.909,0.0,805.2416259999999,0
735,1528.0,355,1538.7761,1318.9916070000002,1758.560593,380.909,0.0,805.2416259999999,0
736,1617.6,498,1538.7761,1318.9916070000002,1758.560593,380.909,0.0,805.2416259999999,0
737,1515.0,474,1538.7761,1318.9916070000002,1758.560593,380.909,0.0,805.2416259999999,0
738,1544.0,509,1538.7761,1318.9916070000002,1758.560593,380.909,0.0,805.2416259999999,0
739,1545.4,298,1538.7761,1318.9916070000002,1758.560593,380.909,0.0,805.2416259999999,0
740,1663.8,474,1538.7761,1318.9916070000002,1758.560593,380.909,0.0,805.2416259999999,0
741,1423.2,47,1538.7761,1318.9916070000002,1758.560593,380.909,0.0,805.2416259999999,0
742,1618.4,257,1538.7761,1318.9916070000002,1758.560593,380.909,0.0,805.2416259999999,0
743,1599.0,366,1538.7761,1318.9916070000002,1758.560593,380.909,0.0,805.2416259999999,0
744,1513.4,166,1538.7761,1318.9916070000002,1758.560593,380.909,0.0,805.2416259999999,0
745,1553.6,307,1538.7761,1318.9916070000002,1758.560593,380.909,0.0,805.2416259999999,0
746,1520.6,474,1538.7761,1318.9916070000002,1758.560593,380.909,0.0,805.2416259999999,0
747,1494.4,526,1538.7761,1318.9916070000002,1758.560593,380.909,0.0,805.2416259999999,0
748,1506.0,312,1538.7761,1318.9916070000002,1758.560593,380.909,0.0,805.2416259999999,0
749,1527.2,358,1538.7761,1318.9916070000002,1758.560593,380.909,0.0,805.2416259999999,0
750,1555.0,345,1538.7761,1318.9916070000002,1758.560593,380.909,0.0,805.2416259999999,0
751,1493.8,147,1538.7761,1318.9916070000002,1758.560593,380.909,0.0,805.2416259999999,0
752,1455.8,217,1538.7761,1318.9916070000002,1758.560593,380.909,0.0,805.2416259999999,0
753,1430.0,197,1538.7761,1318.9916070000002,1758.560593,380.909,0.0,805.2416259999999,0
754,1487.4,257,1538.7761,1318.9916070000002,1758.560593,380.909,0.0,805.2416259999999,0
755,1561.6,503,1538.7761,1318.9916070000002,1758.560593,380.909,0.0,805.2416259999999,0
756,1626.4,484,1538.7761,1318.9916070000002,1758.560593,380.909,0.0,805.2416259999999,0
757,1575.8,430,1538.7761,1318.9916070000002,1758.560593,380.909,0.0,805.2416259999999,0
758,1534.0,273,1538.7761,1318.9916070000002,1758.560593,380.909,0.0,805.2416259999999,0
759,1426.8,172,1538.7761,1318.9916070000002,1758.560593,380.909,0.0,805.2416259999999,0
760,1565.4,377,1538.7761,1318.9916070000002,1758.560593,380.909,0.0,805.2416259999999,0
761,1647.0,428,1538.7761,1318.9916070000002,1758.560593,380.909,0.0,805.2416259999999,0
762,1519.6,412,1538.7761,1318.9916070000002,1758.560593,380.909,0.0,805.2416259999999,0
763,1471.0,282,1538.7761,1318.9916070000002,1758.560593,380.909,0.0,805.2416259999999,0
764,1541.4,348,1538.7761,1318.9916070000002,1758.560593,380.909,0.0,805.2416259999999,0
765,1536.4,199,1538.7761,1318.9916070000002,1758.560593,380.909,0.0,805.2416259999999,0
766,1489.6,396,1538.7761,1318.9916070000002,1758.560593,380.909,0.0,805.2416259999999,0
767,1586.8,596,1538.7761,1318.9916070000002,1758.560593,380.909,0.0,805.2416259999999,0
768,1561.8,445,1538.7761,1318.9916070000002,1758.560593,380.909,0.0,805.2416259999999,0
769,1486.2,383,1538.7761,1318.9916070000002,1758.560593,380.909,0.0,805.2416259999999,0
770,1545.0,317,1538.7761,1318.9916070000002,1758.560593,380.909,0.0,805.2416259999999,0
771,1538.8,696,1538.7761,1318.9916070000002,1758.560593,380.909,0.0,805.2416259999999,0
772,1514.4,269,1538.7761,1318.9916070000002,1758.560593,380.909,0.0,805.2416259999999,0
773,1541.4,247,1538.7761,1318.9916070000002,1758.560593,380.909,0.0,805.2416259999999,0
774,1777.6,1398,1538.7761,1318.9916070000002,1758.560593,380.909,0.0,805.2416259999999,1
775,1494.0,474,1538.7761,1318.9916070000002,1758.560593,380.909,0.0,805.2416259999999,0
776,1545.6,346,1538.7761,1318.9916070000002,1758.560593,380.909,0.0,805.2416259999999,0
777,1539.0,207,1538.7761,1318.9916070000002,1758.560593,380.909,0.0,805.2416259999999,0
778,1564.8,511,1538.7761,1318.9916070000002,1758.560593,380.909,0.0,805.2416259999999,0
779,1424.6,211,1538.7761,1318.9916070000002,1758.560593,380.909,0.0,805.2416259999999,0
780,1589.4,288,1538.7761,1318.9916070000002,1758.560593,380.909,0.0,805.2416259999999,0
781,1507.0,204,1538.7761,1318.9916070000002,1758.560593,380.909,0.0,805.2416259999999,0
782,1615.4,545,1538.7761,1318.9916070000002,1758.560593,380.909,0.0,805.2416259999999,0
783,1562.6,492,1538.7761,1318.9916070000002,1758.560593,380.909,0.0,805.2416259999999,0
784,1541.6,342,1538.7761,1318.9916070000002,1758.560593,380.909,0.0,805.2416259999999,0
785,1698.0,391,1538.7761,1318.9916070000002,1758.560593,380.909,0.0,805.2416259999999,0
786,1549.2,196,1538.7761,1318.9916070000002,1758.560593,380.909,0.0,805.2416259999999,0
787,1774.4,523,1538.7761,1318.9916070000002,1758.560593,380.909,0.0,805.2416259999999,1
788,1603.4,758,1538.7761,1318.9916070000002,1758.560593,380.909,0.0,805.2416259999999,0
789,1498.8,654,1538.7761,1318.9916070000002,1758.560593,380.909,0.0,805.2416259999999,0
790,1574.2,365,1538.7761,1318.9916070000002,1758.560593,380.909,0.0,805.2416259999999,0
791,1602.0,433,1538.7761,1318.9916070000002,1758.560593,380.909,0.0,805.2416259999999,0
792,1474.8,160,1538.7761,1318.9916070000002,1758.560593,380.909,0.0,805.2416259999999,0
793,1602.2,395,1538.7761,1318.9916070000002,1758.560593,380.909,0.0,805.2416259999999,0
794,1487.6,112,1538.7761,1318.9916070000002,1758.560593,380.909,0.0,805.2416259999999,0
795,1504.2,280,1538.7761,1318.9916070000002,1758.560593,380.909,0.0,805.2416259999999,0
796,1448.6,168,1538.7761,1318.9916070000002,1758.560593,380.909,0.0,805.2416259999999,0
797,1564.4,556,1538.7761,1318.9916070000002,1758.560593,380.909,0.0,805.2416259999999,0
798,1512.6,216,1538.7761,1318.9916070000002,1758.560593,380.909,0.0,805.2416259999999,0
799,1549.2,368,1538.7761,1318.9916070000002,1758.560593,380.909,0.0,805.2416259999999,0
800,1529.2,231,1538.7761,1318.9916070000002,1758.560593,380.909,0.0,805.2416259999999,0
801,1473.2,225,1538.7761,1318.9916070000002,1758.560593,380.909,0.0,805.2416259999999,0
802,1473.6,261,1538.7761,1318.9916070000002,1758.560593,380.909,0.0,805.2416259999999,0
803,1576.0,380,1538.7761,1318.9916070000002,1758.560593,380.909,0.0,805.2416259999999,0
804,1675.6,425,1538.7761,1318.9916070000002,1758.560593,380.909,0.0,805.2416259999999,0
805,1436.8,315,1538.7761,1318.9916070000002,1758.560593,380.909,0.0,805.2416259999999,0
806,1600.6,274,1538.7761,1318.9916070000002,1758.560593,380.909,0.0,805.2416259999999,0
807,1672.0,760,1538.7761,1318.9916070000002,1758.560593,380.909,0.0,805.2416259999999,0
808,1524.2,164,1538.7761,1318.9916070000002,1758.560593,380.909,0.0,805.2416259999999,0
809,1546.8,348,1538.7761,1318.9916070000002,1758.560593,380.909,0.0,805.2416259999999,0
810,1790.6,1270,1538.7761,1318.9916070000002,1758.560593,380.909,0.0,805.2416259999999,1
811,1632.6,922,1538.7761,1318.9916070000002,1758.560593,380.909,0.0,805.2416259999999,0
812,1575.6,409,1538.7761,1318.9916070000002,1758.560593,380.909,0.0,805.2416259999999,0
813,1626.4,596,1538.7761,1318.9916070000002,1758.560593,380.909,0.0,805.2416259999999,0
814,1444.4,106,1538.7761,1318.9916070000002,1758.560593,380.909,0.0,805.2416259999999,0
815,1430.8,279,1538.7761,1318.9916070000002,1758.560593,380.909,0.0,805.2416259999999,0
816,1605.8,684,1538.7761,1318.9916070000002,1758.560593,380.909,0.0,805.2416259999999,0
817,1487.8,275,1538.7761,1318.9916070000002,1758.560593,380.909,0.0,805.2416259999999,0
818,1570.2,465,1538.7761,1318.9916070000002,1758.560593,380.909,0.0,805.2416259999999,0
819,1765.6,624,1538.7761,1318.9916070000002,1758.560593,380.909,0.0,805.2416259999999,1
820,1491.8,278,1538.7761,1318.9916070000002,1758.560593,380.909,0.0,805.2416259999999,0
821,1613.2,506,1538.7761,1318.9916070000002,1758.560593,380.909,0.0,805.2416259999999,0
822,1636.8,467,1538.7761,1318.9916070000002,1758.560593,380.909,0.0,805.2416259999999,0
823,1415.8,238,1538.7761,1318.9916070000002,1758.560593,380.909,0.0,805.2416259999999,0
824,1351.6,56,1538.7761,1318.9916070000002,1758.560593,380.909,0.0,805.2416259999999,0
825,1420.8,153,1538.7761,1318.9916070000002,1758.560593,380.909,0.0,805.2416259999999,0
826,1574.8,270,1538.7761,1318.9916070000002,1758.560593,380.909,0.0,805.2416259999999,0
827,1526.6,479,1538.7761,1318.9916070000002,1758.560593,380.909,0.0,805.2416259999999,0
828,1517.8,476,1538.7761,1318.9916070000002,1758.560593,380.909,0.0,805.2416259999999,0
829,1491.0,407,1538.7761,1318.9916070000002,1758.560593,380.909,0.0,805.2416259999999,0
830,1584.0,574,1538.7761,1318.9916070000002,1758.560593,380.909,0.0,805.2416259999999,0
831,1489.6,616,1538.7761,1318.9916070000002,1758.560593,380.909,0.0,805.2416259999999,0
832,1596.8,626,1538.7761,1318.9916070000002,1758.560593,380.909,0.0,805.2416259999999,0
833,1578.8,350,1538.7761,1318.9916070000002,1758.560593,380.909,0.0,805.2416259999999,0
834,1556.4,125,1538.7761,1318.9916070000002,1758.560593,380.909,0.0,805.2416259999999,0
835,1483.6,486,1538.7761,1318.9916070000002,1758.560593,380.909,0.0,805.2416259999999,0
836,1521.2,275,1538.7761,1318.9916070000002,1758.560593,380.909,0.0,805.2416259999999,0
837,1461.0,352,1538.7761,1318.9916070000002,1758.560593,380.909,0.0,805.2416259999999,0
838,1538.0,263,1538.7761,1318.9916070000002,1758.560593,380.909,0.0,805.2416259999999,0
839,1456.2,317,1538.7761,1318.9916070000002,1758.560593,380.909,0.0,805.2416259999999,0
840,1550.8,206,1538.7761,1318.9916070000002,1758.560593,380.909,0.0,805.2416259999999,0
841,1683.6,688,1538.7761,1318.9916070000002,1758.560593,380.909,0.0,805.2416259999999,0
842,1640.6,301,1538.7761,1318.9916070000002,1758.560593,380.909,0.0,805.2416259999999,0
843,1461.8,259,1538.7761,1318.9916070000002,1758.560593,380.909,0.0,805.2416259999999,0
844,1637.0,787,1538.7761,1318.9916070000002,1758.560593,380.909,0.0,805.2416259999999,0
845,1523.4,438,1538.7761,1318.9916070000002,1758.560593,380.909,0.0,805.2416259999999,0
846,1589.8,844,1538.7761,1318.9916070000002,1758.560593,380.909,0.0,805.2416259999999,0
847,1457.8,371,1538.7761,1318.9916070000002,1758.560593,380.909,0.0,805.2416259999999,0
848,1568.2,394,1538.7761,1318.9916070000002,1758.560593,380.909,0.0,805.2416259999999,0
849,1549.2,470,1538.7761,1318.9916070000002,1758.560593,380.909,0.0,805.2416259999999,0
850,1452.4,207,1538.7761,1318.9916070000002,1758.560593,380.909,0.0,805.2416259999999,0
851,1413.4,376,1538.7761,1318.9916070000002,1758.560593,380.909,0.0,805.2416259999999,0
852,1481.8,294,1538.7761,1318.9916070000002,1758.560593,380.909,0.0,805.2416259999999,0
853,1662.2,583,1538.7761,1318.9916070000002,1758.560593,380.909,0.0,805.2416259999999,0
854,1537.6,270,1538.7761,1318.9916070000002,1758.560593,380.909,0.0,805.2416259999999,0
855,1461.8,246,1538.7761,1318.9916070000002,1758.560593,380.909,0.0,805.2416259999999,0
856,1493.8,382,1538.7761,1318.9916070000002,1758.560593,380.909,0.0,805.2416259999999,0
857,1557.2,498,1538.7761,1318.9916070000002,1758.560593,380.909,0.0,805.2416259999999,0
858,1476.0,464,1538.7761,1318.9916070000002,1758.560593,380.909,0.0,805.2416259999999,0
859,1836.4,979,1538.7761,1318.9916070000002,1758.560593,380.909,0.0,805.2416259999999,1
860,1746.0,1423,1538.7761,1318.9916070000002,1758.560593,380.909,0.0,805.2416259999999,0
861,1787.8,1260,1538.7761,1318.9916070000002,1758.560593,380.909,0.0,805.2416259999999,1
862,1555.2,610,1538.7761,1318.9916070000002,1758.560593,380.909,0.0,805.2416259999999,0
863,1559.8,346,1538.7761,1318.9916070000002,1758.560593,380.909,0.0,805.2416259999999,0
864,1531.8,240,1538.7761,1318.9916070000002,1758.560593,380.909,0.0,805.2416259999999,0
865,1468.2,345,1538.7761,1318.9916070000002,1758.560593,380.909,0.0,805.2416259999999,0
866,1459.6,334,1538.7761,1318.9916070000002,1758.560593,380.909,0.0,805.2416259999999,0
867,1561.4,294,1538.7761,1318.9916070000002,1758.560593,380.909,0.0,805.2416259999999,0
868,1478.2,210,1538.7761,1318.9916070000002,1758.560593,380.909,0.0,805.2416259999999,0
869,1424.8,249,1538.7761,1318.9916070000002,1758.560593,380.909,0.0,805.2416259999999,0
870,1594.0,217,1538.7761,1318.9916070000002,1758.560593,380.909,0.0,805.2416259999999,0
871,1453.2,182,1538.7761,1318.9916070000002,1758.560593,380.909,0.0,805.2416259999999,0
872,1494.6,369,1538.7761,1318.9916070000002,1758.560593,380.909,0.0,805.2416259999999,0
873,1565.6,465,1538.7761,1318.9916070000002,1758.560593,380.909,0.0,805.2416259999999,0
874,1536.6,347,1538.7761,1318.9916070000002,1758.560593,380.909,0.0,805.2416259999999,0
875,1462.2,243,1538.7761,1318.9916070000002,1758.560593,380.909,0.0,805.2416259999999,0
876,1503.6,347,1538.7761,1318.9916070000002,1758.560593,380.909,0.0,805.2416259999999,0
877,1424.4,227,1538.7761,1318.9916070000002,1758.560593,380.909,0.0,805.2416259999999,0
878,1549.8,364,1538.7761,1318.9916070000002,1758.560593,380.909,0.0,805.2416259999999,0
879,1460.4,204,1538.7761,1318.9916070000002,1758.560593,380.909,0.0,805.2416259999999,0
880,1530.2,270,1538.7761,1318.9916070000002,1758.560593,380.909,0.0,805.2416259999999,0
881,1440.0,153,1538.7761,1318.9916070000002,1758.560593,380.909,0.0,805.2416259999999,0
882,1483.6,683,1538.7761,1318.9916070000002,1758.560593,380.909,0.0,805.2416259999999,0
883,1528.4,290,1538.7761,1318.9916070000002,1758.560593,380.909,0.0,805.2416259999999,0
884,1745.8,1311,1538.7761,1318.9916070000002,1758.560593,380.909,0.0,805.2416259999999,0
885,1709.8,832,1538.7761,1318.9916070000002,1758.560593,380.909,0.0,805.2416259999999,0
886,1608.4,527,1538.7761,1318.9916070000002,1758.560593,380.909,0.0,805.2416259999999,0
887,1513.4,253,1538.7761,1318.9916070000002,1758.560593,380.909,0.0,805.2416259999999,0
888,1457.2,257,1538.7761,1318.9916070000002,1758.560593,380.909,0.0,805.2416259999999,0
889,1593.4,895,1538.7761,1318.9916070000002,1758.560593,380.909,0.0,805.2416259999999,0
890,1508.0,342,1538.7761,1318.9916070000002,1758.560593,380.909,0.0,805.2416259999999,0
891,1469.6,151,1538.7761,1318.9916070000002,1758.560593,380.909,0.0,805.2416259999999,0
892,1603.0,265,1538.7761,1318.9916070000002,1758.560593,380.909,0.0,805.2416259999999,0
893,1637.6,753,1538.7761,1318.9916070000002,1758.560593,380.909,0.0,805.2416259999999,0
894,1532.4,321,1538.7761,1318.9916070000002,1758.560593,380.909,0.0,805.2416259999999,0
895,1569.8,169,1538.7761,1318.9916070000002,1758.560593,380.909,0.0,805.2416259999999,0
896,1562.6,572,1538.7761,1318.9916070000002,1758.560593,380.909,0.0,805.2416259999999,0
897,1471.4,263,1538.7761,1318.9916070000002,1758.560593,380.909,0.0,805.2416259999999,0
898,1587.8,529,1538.7761,1318.9916070000002,1758.560593,380.909,0.0,805.2416259999999,0
899,1591.2,558,1538.7761,1318.9916070000002,1758.560593,380.909,0.0,805.2416259999999,0
900,1564.4,362,1538.7761,1318.9916070000002,1758.560593,380.909,0.0,805.2416259999999,0
901,1596.6,444,1538.7761,1318.9916070000002,1758.560593,380.909,0.0,805.2416259999999,0
902,1502.0,283,1538.7761,1318.9916070000002,1758.560593,380.909,0.0,805.2416259999999,0
903,1518.0,554,1538.7761,1318.9916070000002,1758.560593,380.909,0.0,805.2416259999999,0
904,1524.0,251,1538.7761,1318.9916070000002,1758.560593,380.909,0.0,805.2416259999999,0
905,1650.8,462,1538.7761,1318.9916070000002,1758.560593,380.909,0.0,805.2416259999999,0
906,1489.8,214,1538.7761,1318.9916070000002,1758.560593,380.909,0.0,805.2416259999999,0
907,1487.4,258,1538.7761,1318.9916070000002,1758.560593,380.909,0.0,805.2416259999999,0
908,1583.4,572,1538.7761,1318.9916070000002,1758.560593,380.909,0.0,805.2416259999999,0
909,1495.8,232,1538.7761,1318.9916070000002,1758.560593,380.909,0.0,805.2416259999999,0
910,1480.6,120,1538.7761,1318.9916070000002,1758.560593,380.909,0.0,805.2416259999999,0
911,1624.0,419,1538.7761,1318.9916070000002,1758.560593,380.909,0.0,805.2416259999999,0
912,1505.4,341,1538.7761,1318.9916070000002,1758.560593,380.909,0.0,805.2416259999999,0
913,1619.6,579,1538.7761,1318.9916070000002,1758.560593,380.909,0.0,805.2416259999999,0
914,1463.8,361,1538.7761,1318.9916070000002,1758.560593,380.909,0.0,805.2416259999999,0
915,1482.8,396,1538.7761,1318.9916070000002,1758.560593,380.909,0.0,805.2416259999999,0
916,1635.6,552,1538.7761,1318.9916070000002,1758.560593,380.909,0.0,805.2416259999999,0
917,1549.2,167,1538.7761,1318.9916070000002,1758.560593,380.909,0.0,805.2416259999999,0
918,1550.0,326,1538.7761,1318.9916070000002,1758.560593,380.909,0.0,805.2416259999999,0
919,1581.8,715,1538.7761,1318.9916070000002,1758.560593,380.909,0.0,805.2416259999999,0
920,1426.0,129,1538.7761,1318.9916070000002,1758.560593,380.909,0.0,805.2416259999999,0
921,1482.4,461,1538.7761,1318.9916070000002,1758.560593,380.909,0.0,805.2416259999999,0
922,1596.0,524,1538.7761,1318.9916070000002,1758.560593,380.909,0.0,805.2416259999999,0
923,1571.8,829,1538.7761,1318.9916070000002,1758.560593,380.909,0.0,805.2416259999999,0
924,1768.8,721,1538.7761,1318.9916070000002,1758.560593,380.909,0.0,805.2416259999999,1
925,1431.2,190,1538.7761,1318.9916070000002,1758.560593,380.909,0.0,805.2416259999999,0
926,1619.8,224,1538.7761,1318.9916070000002,1758.560593,380.909,0.0,805.2416259999999,0
927,1520.2,425,1538.7761,1318.9916070000002,1758.560593,380.909,0.0,805.2416259999999,0
928,1611.6,381,1538.7761,1318.9916070000002,1758.560593,380.909,0.0,805.2416259999999,0
929,1401.0,276,1538.7761,1318.9916070000002,1758.560593,380.909,0.0,805.2416259999999,0
930,1642.4,563,1538.7761,1318.9916070000002,1758.560593,380.909,0.0,805.2416259999999,0
931,1512.6,309,1538.7761,1318.9916070000002,1758.560593,380.909,0.0,805.2416259999999,0
932,1655.2,365,1538.7761,1318.9916070000002,1758.560593,380.909,0.0,805.2416259999999,0
933,1470.2,257,1538.7761,1318.9916070000002,1758.560593,380.909,0.0,805.2416259999999,0
934,1518.4,385,1538.7761,1318.9916070000002,1758.560593,380.909,0.0,805.2416259999999,0
935,1489.6,198,1538.7761,1318.9916070000002,1758.560593,380.909,0.0,805.2416259999999,0
936,1629.0,413,1538.7761,1318.9916070000002,1758.560593,380.909,0.0,805.2416259999999,0
937,1574.8,315,1538.7761,1318.9916070000002,1758.560593,380.909,0.0,805.2416259999999,0
938,1701.8,623,1538.7761,1318.9916070000002,1758.560593,380.909,0.0,805.2416259999999,0
939,1573.0,393,1538.7761,1318.9916070000002,1758.560593,380.909,0.0,805.2416259999999,0
940,1505.6,145,1538.7761,1318.9916070000002,1758.560593,380.909,0.0,805.2416259999999,0
941,1483.8,398,1538.7761,1318.9916070000002,1758.560593,380.909,0.0,805.2416259999999,0
942,1751.2,513,1538.7761,1318.9916070000002,1758.560593,380.909,0.0,805.2416259999999,0
943,1579.2,242,1538.7761,1318.9916070000002,1758.560593,380.909,0.0,805.2416259999999,0
944,1528.0,375,1538.7761,1318.9916070000002,1758.560593,380.909,0.0,805.2416259999999,0
945,1561.6,574,1538.7761,1318.9916070000002,1758.560593,380.909,0.0,805.2416259999999,0
946,1540.2,827,1538.7761,1318.9916070000002,1758.560593,380.909,0.0,805.2416259999999,0
947,1467.8,238,1538.7761,1318.9916070000002,1758.560593,380.909,0.0,805.2416259999999,0
948,1569.2,766,1538.7761,1318.9916070000002,1758.560593,380.909,0.0,805.2416259999999,0
949,1477.6,208,1538.7761,1318.9916070000002,1758.560593,380.909,0.0,805.2416259999999,0
950,1486.4,400,1538.7761,1318.9916070000002,1758.560593,380.909,0.0,805.2416259999999,0
951,1538.2,304,1538.7761,1318.9916070000002,1758.560593,380.909,0.0,805.2416259999999,0
952,1521.8,696,1538.7761,1318.9916070000002,1758.560593,380.909,0.0,805.2416259999999,0
953,1677.2,1331,1538.7761,1318.9916070000002,1758.560593,380.909,0.0,805.2416259999999,0
954,1572.6,583,1538.7761,1318.9916070000002,1758.560593,380.909,0.0,805.2416259999999,0
955,1522.8,483,1538.7761,1318.9916070000002,1758.560593,380.909,0.0,805.2416259999999,0
956,1596.6,447,1538.7761,1318.9916070000002,1758.560593,380.909,0.0,805.2416259999999,0
957,1487.8,274,1538.7761,1318.9916070000002,1758.560593,380.909,0.0,805.2416259999999,0
958,1506.8,250,1538.7761,1318.9916070000002,1758.560593,380.909,0.0,805.2416259999999,0
959,1534.6,256,1538.7761,1318.9916070000002,1758.560593,380.909,0.0,805.2416259999999,0
960,1415.2,77,1538.7761,1318.9916070000002,1758.560593,380.909,0.0,805.2416259999999,0
961,1515.2,392,1538.7761,1318.9916070000002,1758.560593,380.909,0.0,805.2416259999999,0
962,1508.8,281,1538.7761,1318.9916070000002,1758.560593,380.909,0.0,805.2416259999999,0
963,1543.0,347,1538.7761,1318.9916070000002,1758.560593,380.909,0.0,805.2416259999999,0
964,1678.4,446,1538.7761,1318.9916070000002,1758.560593,380.909,0.0,805.2416259999999,0
965,1517.8,222,1538.7761,1318.9916070000002,1758.560593,380.909,0.0,805.2416259999999,0
966,1680.8,830,1538.7761,1318.9916070000002,1758.560593,380.909,0.0,805.2416259999999,0
967,1489.0,390,1538.7761,1318.9916070000002,1758.560593,380.909,0.0,805.2416259999999,0
968,1518.2,491,1538.7761,1318.9916070000002,1758.560593,380.909,0.0,805.2416259999999,0
969,1477.2,544,1538.7761,1318.9916070000002,1758.560593,380.909,0.0,805.2416259999999,0
970,1487.4,186,1538.7761,1318.9916070000002,1758.560593,380.909,0.0,805.2416259999999,0
971,1495.6,256,1538.7761,1318.9916070000002,1758.560593,380.909,0.0,805.2416259999999,0
972,1512.6,349,1538.7761,1318.9916070000002,1758.560593,380.909,0.0,805.2416259999999,0
973,1628.4,620,1538.7761,1318.9916070000002,1758.560593,380.909,0.0,805.2416259999999,0
974,1577.2,436,1538.7761,1318.9916070000002,1758.560593,380.909,0.0,805.2416259999999,0
975,1510.6,315,1538.7761,1318.9916070000002,1758.560593,380.909,0.0,805.2416259999999,0
976,1531.2,354,1538.7761,1318.9916070000002,1758.560593,380.909,0.0,805.2416259999999,0
977,1546.8,278,1538.7761,1318.9916070000002,1758.560593,380.909,0.0,805.2416259999999,0
978,1549.0,376,1538.7761,1318.9916070000002,1758.560593,380.909,0.0,805.2416259999999,0
979,1619.6,475,1538.7761,1318.9916070000002,1758.560593,380.909,0.0,805.2416259999999,0
980,1678.4,708,1538.7761,1318.9916070000002,1758.560593,380.909,0.0,805.2416259999999,0
981,1669.2,844,1538.7761,1318.9916070000002,1758.560593,380.909,0.0,805.2416259999999,0
982,1469.2,244,1538.7761,1318.9916070000002,1758.560593,380.909,0.0,805.2416259999999,0
983,1584.6,170,1538.7761,1318.9916070000002,1758.560593,380.909,0.0,805.2416259999999,0
984,1535.8,383,1538.7761,1318.9916070000002,1758.560593,380.909,0.0,805.2416259999999,0
985,1546.6,685,1538.7761,1318.9916070000002,1758.560593,380.909,0.0,805.2416259999999,0
986,1529.8,340,1538.7761,1318.9916070000002,1758.560593,380.909,0.0,805.2416259999999,0
987,1581.6,275,1538.7761,1318.9916070000002,1758.560593,380.909,0.0,805.2416259999999,0
988,1439.0,322,1538.7761,1318.9916070000002,1758.560593,380.909,0.0,805.2416259999999,0
989,1600.8,329,1538.7761,1318.9916070000002,1758.560593,380.909,0.0,805.2416259999999,0
990,1507.4,274,1538.7761,1318.9916070000002,1758.560593,380.909,0.0,805.2416259999999,0
991,1652.2,545,1538.7761,1318.9916070000002,1758.560593,380.909,0.0,805.2416259999999,0
992,1747.2,978,1538.7761,1318.9916070000002,1758.560593,380.909,0.0,805.2416259999999,0
993,1597.2,461,1538.7761,1318.9916070000002,1758.560593,380.909,0.0,805.2416259999999,0
994,1519.2,429,1538.7761,1318.9916070000002,1758.560593,380.909,0.0,805.2416259999999,0
995,1617.8,424,1538.7761,1318.9916070000002,1758.560593,380.909,0.0,805.2416259999999,0
996,1473.2,253,1538.7761,1318.9916070000002,1758.560593,380.909,0.0,805.2416259999999,0
997,1635.8,613,1538.7761,1318.9916070000002,1758.560593,380.909,0.0,805.2416259999999,0
998,1718.0,1194,1538.7761,1318.9916070000002,1758.560593,380.909,0.0,805.2416259999999,0
999,1580.4,426,1538.7761,1318.9916070000002,1758.560593,380.909,0.0,805.2416259999999,0
1000,1791.2,1259,1538.7761,1318.9916070000002,1758.560593,380.909,0.0,805.2416259999999,1
1001,1686.8,810,1538.7761,1318.9916070000002,1758.560593,380.909,0.0,805.2416259999999,0
1002,1452.6,157,1538.7761,1318.9916070000002,1758.560593,380.909,0.0,805.2416259999999,0
1003,1607.6,363,1538.7761,1318.9916070000002,1758.560593,380.909,0.0,805.2416259999999,0
1004,1547.2,351,1538.7761,1318.9916070000002,1758.560593,380.909,0.0,805.2416259999999,0
1005,1504.8,289,1538.7761,1318.9916070000002,1758.560593,380.909,0.0,805.2416259999999,0
1006,1500.4,336,1538.7761,1318.9916070000002,1758.560593,380.909,0.0,805.2416259999999,0
1007,1544.6,257,1538.7761,1318.9916070000002,1758.560593,380.909,0.0,805.2416259999999,0
1008,1624.4,232,1538.7761,1318.9916070000002,1758.560593,380.909,0.0,805.2416259999999,0
1009,1469.8,272,1538.7761,1318.9916070000002,1758.560593,380.909,0.0,805.2416259999999,0
1010,1468.6,409,1538.7761,1318.9916070000002,1758.560593,380.909,0.0,805.2416259999999,0
1011,1549.4,268,1538.7761,1318.9916070000002,1758.560593,380.909,0.0,805.2416259999999,0
1012,1424.0,159,1538.7761,1318.9916070000002,1758.560593,380.909,0.0,805.2416259999999,0
1013,1424.0,229,1538.7761,1318.9916070000002,1758.560593,380.909,0.0,805.2416259999999,0
1014,1486.4,186,1538.7761,1318.9916070000002,1758.560593,380.909,0.0,805.2416259999999,0
1015,1515.6,258,1538.7761,1318.9916070000002,1758.560593,380.909,0.0,805.2416259999999,0
1016,1499.6,409,1538.7761,1318.9916070000002,1758.560593,380.909,0.0,805.2416259999999,0
1017,1558.0,642,1538.7761,1318.9916070000002,1758.560593,380.909,0.0,805.2416259999999,0
1018,1510.2,308,1538.7761,1318.9916070000002,1758.560593,380.909,0.0,805.2416259999999,0
1019,1481.6,263,1538.7761,1318.9916070000002,1758.560593,380.909,0.0,805.2416259999999,0
1020,1485.0,199,1538.7761,1318.9916070000002,1758.560593,380.909,0.0,805.2416259999999,0
1021,1482.0,188,1538.7761,1318.9916070000002,1758.560593,380.909,0.0,805.2416259999999,0
1022,1443.2,166,1538.7761,1318.9916070000002,1758.560593,380.909,0.0,805.2416259999999,0
1023,1518.4,350,1538.7761,1318.9916070000002,1758.560593,380.909,0.0,805.2416259999999,0
1024,1609.6,712,1538.7761,1318.9916070000002,1758.560593,380.909,0.0,805.2416259999999,0
1025,1533.2,260,1538.7761,1318.9916070000002,1758.560593,380.909,0.0,805.2416259999999,0
1026,1724.4,829,1538.7761,1318.9916070000002,1758.560593,380.909,0.0,805.2416259999999,0
1027,1559.4,409,1538.7761,1318.9916070000002,1758.560593,380.909,0.0,805.2416259999999,0
1028,1616.2,419,1538.7761,1318.9916070000002,1758.560593,380.909,0.0,805.2416259999999,0
1029,1558.8,98,1538.7761,1318.9916070000002,1758.560593,380.909,0.0,805.2416259999999,0
1030,1556.6,218,1538.7761,1318.9916070000002,1758.560593,380.909,0.0,805.2416259999999,0
1031,1770.8,1234,1538.7761,1318.9916070000002,1758.560593,380.909,0.0,805.2416259999999,1
1032,1490.6,228,1538.7761,1318.9916070000002,1758.560593,380.909,0.0,805.2416259999999,0
1033,1652.6,594,1538.7761,1318.9916070000002,1758.560593,380.909,0.0,805.2416259999999,0
1034,1554.4,275,1538.7761,1318.9916070000002,1758.560593,380.909,0.0,805.2416259999999,0
1035,1535.6,411,1538.7761,1318.9916070000002,1758.560593,380.909,0.0,805.2416259999999,0
1036,1587.8,456,1538.7761,1318.9916070000002,1758.560593,380.909,0.0,805.2416259999999,0
1037,1637.6,504,1538.7761,1318.9916070000002,1758.560593,380.909,0.0,805.2416259999999,0
1038,1814.6,927,1538.7761,1318.9916070000002,1758.560593,380.909,0.0,805.2416259999999,1
1039,1450.8,358,1538.7761,1318.9916070000002,1758.560593,380.909,0.0,805.2416259999999,0
1040,1513.8,142,1538.7761,1318.9916070000002,1758.560593,380.909,0.0,805.2416259999999,0
1041,1561.4,654,1538.7761,1318.9916070000002,1758.560593,380.909,0.0,805.2416259999999,0
1042,1567.6,243,1538.7761,1318.9916070000002,1758.560593,380.909,0.0,805.2416259999999,0
1043,1459.4,175,1538.7761,1318.9916070000002,1758.560593,380.909,0.0,805.2416259999999,0
1044,1444.4,273,1538.7761,1318.9916070000002,1758.560593,380.909,0.0,805.2416259999999,0
1045,1572.8,315,1538.7761,1318.9916070000002,1758.560593,380.909,0.0,805.2416259999999,0
1046,1482.6,447,1538.7761,1318.9916070000002,1758.560593,380.909,0.0,805.2416259999999,0
1047,1573.4,736,1538.7761,1318.9916070000002,1758.560593,380.909,0.0,805.2416259999999,0
1048,1522.8,359,1538.7761,1318.9916070000002,1758.560593,380.909,0.0,805.2416259999999,0
1049,1637.4,225,1538.7761,1318.9916070000002,1758.560593,380.909,0.0,805.2416259999999,0
1050,1553.8,497,1538.7761,1318.9916070000002,1758.560593,380.909,0.0,805.2416259999999,0
1051,1481.0,590,1538.7761,1318.9916070000002,1758.560593,380.909,0.0,805.2416259999999,0
1052,1478.8,179,1538.7761,1318.9916070000002,1758.560593,380.909,0.0,805.2416259999999,0
1053,1541.4,501,1538.7761,1318.9916070000002,1758.560593,380.909,0.0,805.2416259999999,0
1054,1546.4,494,1538.7761,1318.9916070000002,1758.560593,380.909,0.0,805.2416259999999,0
1055,1443.4,342,1538.7761,1318.9916070000002,1758.560593,380.909,0.0,805.2416259999999,0
1056,1534.0,195,1538.7761,1318.9916070000002,1758.560593,380.909,0.0,805.2416259999999,0
1057,1517.4,351,1538.7761,1318.9916070000002,1758.560593,380.909,0.0,805.2416259999999,0
1058,1497.8,109,1538.7761,1318.9916070000002,1758.560593,380.909,0.0,805.2416259999999,0
1059,1481.0,161,1538.7761,1318.9916070000002,1758.560593,380.909,0.0,805.2416259999999,0
1060,1521.2,794,1538.7761,1318.9916070000002,1758.560593,380.909,0.0,805.2416259999999,0
1061,1483.2,401,1538.7761,1318.9916070000002,1758.560593,380.909,0.0,805.2416259999999,0
1062,1545.0,258,1538.7761,1318.9916070000002,1758.560593,380.909,0.0,805.2416259999999,0
1063,1605.4,446,1538.7761,1318.9916070000002,1758.560593,380.909,0.0,805.2416259999999,0
1064,1586.8,308,1538.7761,1318.9916070000002,1758.560593,380.909,0.0,805.2416259999999,0
1065,1444.2,219,1538.7761,1318.9916070000002,1758.560593,380.909,0.0,805.2416259999999,0
1066,1618.4,710,1538.7761,1318.9916070000002,1758.560593,380.909,0.0,805.2416259999999,0
1067,1710.0,1303,1538.7761,1318.9916070000002,1758.560593,380.909,0.0,805.2416259999999,0
1068,1583.6,192,1538.7761,1318.9916070000002,1758.560593,380.909,0.0,805.2416259999999,0
1069,1427.8,247,1538.7761,1318.9916070000002,1758.560593,380.909,0.0,805.2416259999999,0
1070,1517.0,380,1538.7761,1318.9916070000002,1758.560593,380.909,0.0,805.2416259999999,0
1071,1558.6,160,1538.7761,1318.9916070000002,1758.560593,380.909,0.0,805.2416259999999,0
1072,1642.4,640,1538.7761,1318.9916070000002,1758.560593,380.909,0.0,805.2416259999999,0
1073,1501.2,362,1538.7761,1318.9916070000002,1758.560593,380.909,0.0,805.2416259999999,0
1074,1578.4,362,1538.7761,1318.9916070000002,1758.560593,380.909,0.0,805.2416259999999,0
1075,1579.0,374,1538.7761,1318.9916070000002,1758.560593,380.909,0.0,805.2416259999999,0
1076,1578.4,694,1538.7761,1318.9916070000002,1758.560593,380.909,0.0,805.2416259999999,0
1077,1553.6,277,1538.7761,1318.9916070000002,1758.560593,380.909,0.0,805.2416259999999,0
1078,1490.8,388,1538.7761,1318.9916070000002,1758.560593,380.909,0.0,805.2416259999999,0
1079,1454.2,310,1538.7761,1318.9916070000002,1758.560593,380.909,0.0,805.2416259999999,0
1080,1560.4,512,1538.7761,1318.9916070000002,1758.560593,380.909,0.0,805.2416259999999,0
1081,1526.4,437,1538.7761,1318.9916070000002,1758.560593,380.909,0.0,805.2416259999999,0
1082,1563.8,594,1538.7761,1318.9916070000002,1758.560593,380.909,0.0,805.2416259999999,0
1083,1453.6,206,1538.7761,1318.9916070000002,1758.560593,380.909,0.0,805.2416259999999,0
1084,1435.0,339,1538.7761,1318.9916070000002,1758.560593,380.909,0.0,805.2416259999999,0
1085,1504.8,270,1538.7761,1318.9916070000002,1758.560593,380.909,0.0,805.2416259999999,0
1086,1559.0,352,1538.7761,1318.9916070000002,1758.560593,380.909,0.0,805.2416259999999,0
1087,1545.4,302,1538.7761,1318.9916070000002,1758.560593,380.909,0.0,805.2416259999999,0
1088,1581.2,289,1538.7761,1318.9916070000002,1758.560593,380.909,0.0,805.2416259999999,0
1089,1578.6,671,1538.7761,1318.9916070000002,1758.560593,380.909,0.0,805.2416259999999,0
1090,1700.8,864,1538.7761,1318.9916070000002,1758.560593,380.909,0.0,805.2416259999999,0
1091,1452.2,192,1538.7761,1318.9916070000002,1758.560593,380.909,0.0,805.2416259999999,0
1092,1606.2,442,1538.7761,1318.9916070000002,1758.560593,380.909,0.0,805.2416259999999,0
1093,1594.8,550,1538.7761,1318.9916070000002,1758.560593,380.909,0.0,805.2416259999999,0
1094,1487.2,381,1538.7761,1318.9916070000002,1758.560593,380.909,0.0,805.2416259999999,0
1095,1412.8,239,1538.7761,1318.9916070000002,1758.560593,380.909,0.0,805.2416259999999,0
1096,1543.8,427,1538.7761,1318.9916070000002,1758.560593,380.909,0.0,805.2416259999999,0
1097,1773.4,522,1538.7761,1318.9916070000002,1758.560593,380.909,0.0,805.2416259999999,1
1098,1484.8,267,1538.7761,1318.9916070000002,1758.560593,380.909,0.0,805.2416259999999,0
1099,1343.2,88,1538.7761,1318.9916070000002,1758.560593,380.909,0.0,805.2416259999999,0
1100,1630.4,567,1538.7761,1318.9916070000002,1758.560593,380.909,0.0,805.2416259999999,0
1101,1539.6,218,1538.7761,1318.9916070000002,1758.560593,380.909,0.0,805.2416259999999,0
1102,1563.8,379,1538.7761,1318.9916070000002,1758.560593,380.909,0.0,805.2416259999999,0
1103,1667.6,540,1538.7761,1318.9916070000002,1758.560593,380.909,0.0,805.2416259999999,0
1104,1616.2,575,1538.7761,1318.9916070000002,1758.560593,380.909,0.0,805.2416259999999,0
1105,1500.6,236,1538.7761,1318.9916070000002,1758.560593,380.909,0.0,805.2416259999999,0
1106,1467.6,176,1538.7761,1318.9916070000002,1758.560593,380.909,0.0,805.2416259999999,0
1107,1510.0,366,1538.7761,1318.9916070000002,1758.560593,380.909,0.0,805.2416259999999,0
1108,1567.4,516,1538.7761,1318.9916070000002,1758.560593,380.909,0.0,805.2416259999999,0
1109,1410.4,238,1538.7761,1318.9916070000002,1758.560593,380.909,0.0,805.2416259999999,0
1110,1465.8,248,1538.7761,1318.9916070000002,1758.560593,380.909,0.0,805.2416259999999,0
1111,1456.0,273,1538.7761,1318.9916070000002,1758.560593,380.909,0.0,805.2416259999999,0
1112,1441.6,196,1538.7761,1318.9916070000002,1758.560593,380.909,0.0,805.2416259999999,0
1113,1517.2,307,1538.7761,1318.9916070000002,1758.560593,380.909,0.0,805.2416259999999,0
1114,1523.0,226,1538.7761,1318.9916070000002,1758.560593,380.909,0.0,805.2416259999999,0
1115,1528.4,433,1538.7761,1318.9916070000002,1758.560593,380.909,0.0,805.2416259999999,0
1116,1531.6,240,1538.7761,1318.9916070000002,1758.560593,380.909,0.0,805.2416259999999,0
1117,1643.0,598,1538.7761,1318.9916070000002,1758.560593,380.909,0.0,805.2416259999999,0
1118,1508.8,344,1538.7761,1318.9916070000002,1758.560593,380.909,0.0,805.2416259999999,0
1119,1460.6,258,1538.7761,1318.9916070000002,1758.560593,380.909,0.0,805.2416259999999,0
1120,1615.2,503,1538.7761,1318.9916070000002,1758.560593,380.909,0.0,805.2416259999999,0
1121,1455.8,271,1538.7761,1318.9916070000002,1758.560593,380.909,0.0,805.2416259999999,0
1122,1597.0,367,1538.7761,1318.9916070000002,1758.560593,380.909,0.0,805.2416259999999,0
1123,1534.8,267,1538.7761,1318.9916070000002,1758.560593,380.909,0.0,805.2416259999999,0
1124,1543.6,675,1538.7761,1318.9916070000002,1758.560593,380.909,0.0,805.2416259999999,0
1125,1488.6,286,1538.7761,1318.9916070000002,1758.560593,380.909,0.0,805.2416259999999,0
1126,1604.2,323,1538.7761,1318.9916070000002,1758.560593,380.909,0.0,805.2416259999999,0
1127,1461.2,262,1538.7761,1318.9916070000002,1758.560593,380.909,0.0,805.2416259999999,0
1128,1524.6,221,1538.7761,1318.9916070000002,1758.560593,380.909,0.0,805.2416259999999,0
1129,1469.0,191,1538.7761,1318.9916070000002,1758.560593,380.909,0.0,805.2416259999999,0
1130,1684.0,969,1538.7761,1318.9916070000002,1758.560593,380.909,0.0,805.2416259999999,0
1131,1533.8,280,1538.7761,1318.9916070000002,1758.560593,380.909,0.0,805.2416259999999,0
1132,1508.6,478,1538.7761,1318.9916070000002,1758.560593,380.909,0.0,805.2416259999999,0
1133,1511.8,219,1538.7761,1318.9916070000002,1758.560593,380.909,0.0,805.2416259999999,0
1134,1653.2,650,1538.7761,1318.9916070000002,1758.560593,380.909,0.0,805.2416259999999,0
1135,1502.8,308,1538.7761,1318.9916070000002,1758.560593,380.909,0.0,805.2416259999999,0
1136,1469.8,303,1538.7761,1318.9916070000002,1758.560593,380.909,0.0,805.2416259999999,0
1137,1479.2,211,1538.7761,1318.9916070000002,1758.560593,380.909,0.0,805.2416259999999,0
1138,1655.2,747,1538.7761,1318.9916070000002,1758.560593,380.909,0.0,805.2416259999999,0
1139,1405.8,195,1538.7761,1318.9916070000002,1758.560593,380.909,0.0,805.2416259999999,0
1140,1506.4,602,1538.7761,1318.9916070000002,1758.560593,380.909,0.0,805.2416259999999,0
1141,1435.8,209,1538.7761,1318.9916070000002,1758.560593,380.909,0.0,805.2416259999999,0
1142,1471.4,321,1538.7761,1318.9916070000002,1758.560593,380.909,0.0,805.2416259999999,0
1143,1500.4,288,1538.7761,1318.9916070000002,1758.560593,380.909,0.0,805.2416259999999,0
1144,1543.2,392,1538.7761,1318.9916070000002,1758.560593,380.909,0.0,805.2416259999999,0
1145,1454.6,55,1538.7761,1318.9916070000002,1758.560593,380.909,0.0,805.2416259999999,0
1146,1479.8,161,1538.7761,1318.9916070000002,1758.560593,380.909,0.0,805.2416259999999,0
1147,1586.6,503,1538.7761,1318.9916070000002,1758.560593,380.909,0.0,805.2416259999999,0
1148,1524.0,392,1538.7761,1318.9916070000002,1758.560593,380.909,0.0,805.2416259999999,0
1149,1458.6,156,1538.7761,1318.9916070000002,1758.560593,380.909,0.0,805.2416259999999,0
1150,1612.2,657,1538.7761,1318.9916070000002,1758.560593,380.909,0.0,805.2416259999999,0
1151,1680.6,565,1538.7761,1318.9916070000002,1758.560593,380.909,0.0,805.2416259999999,0
1152,1435.0,185,1538.7761,1318.9916070000002,1758.560593,380.909,0.0,805.2416259999999,0
1153,1453.0,255,1538.7761,1318.9916070000002,1758.560593,380.909,0.0,805.2416259999999,0
1154,1461.0,360,1538.7761,1318.9916070000002,1758.560593,380.909,0.0,805.2416259999999,0
1155,1527.2,311,1538.7761,1318.9916070000002,1758.560593,380.909,0.0,805.2416259999999,0
1156,1561.8,582,1538.7761,1318.9916070000002,1758.560593,380.909,0.0,805.2416259999999,0
1157,1506.4,219,1538.7761,1318.9916070000002,1758.560593,380.909,0.0,805.2416259999999,0
1158,1486.6,168,1538.7761,1318.9916070000002,1758.560593,380.909,0.0,805.2416259999999,0
1159,1538.4,153,1538.7761,1318.9916070000002,1758.560593,380.909,0.0,805.2416259999999,0
1160,1497.6,201,1538.7761,1318.9916070000002,1758.560593,380.909,0.0,805.2416259999999,0
1161,1481.6,306,1538.7761,1318.9916070000002,1758.560593,380.909,0.0,805.2416259999999,0
1162,1559.8,293,1538.7761,1318.9916070000002,1758.560593,380.909,0.0,805.2416259999999,0
1163,1593.6,454,1538.7761,1318.9916070000002,1758.560593,380.909,0.0,805.2416259999999,0
1164,1550.2,252,1538.7761,1318.9916070000002,1758.560593,380.909,0.0,805.2416259999999,0
1165,1525.8,420,1538.7761,1318.9916070000002,1758.560593,380.909,0.0,805.2416259999999,0
1166,1521.4,211,1538.7761,1318.9916070000002,1758.560593,380.909,0.0,805.2416259999999,0
1167,1495.6,241,1538.7761,1318.9916070000002,1758.560593,380.909,0.0,805.2416259999999,0
1168,1613.8,358,1538.7761,1318.9916070000002,1758.560593,380.909,0.0,805.2416259999999,0
1169,1555.2,345,1538.7761,1318.9916070000002,1758.560593,380.909,0.0,805.2416259999999,0
1170,1711.0,926,1538.7761,1318.9916070000002,1758.560593,380.909,0.0,805.2416259999999,0
1171,1582.8,382,1538.7761,1318.9916070000002,1758.560593,380.909,0.0,805.2416259999999,0
1172,1534.4,412,1538.7761,1318.9916070000002,1758.560593,380.909,0.0,805.2416259999999,0
1173,1566.8,288,1538.7761,1318.9916070000002,1758.560593,380.909,0.0,805.2416259999999,0
1174,1632.4,674,1538.7761,1318.9916070000002,1758.560593,380.909,0.0,805.2416259999999,0
1175,1616.8,659,1538.7761,1318.9916070000002,1758.560593,380.909,0.0,805.2416259999999,0
1176,1539.0,275,1538.7761,1318.9916070000002,1758.560593,380.909,0.0,805.2416259999999,0
1177,1618.6,518,1538.7761,1318.9916070000002,1758.560593,380.909,0.0,805.2416259999999,0
1178,1465.4,413,1538.7761,1318.9916070000002,1758.560593,380.909,0.0,805.2416259999999,0
1179,1489.4,300,1538.7761,1318.9916070000002,1758.560593,380.909,0.0,805.2416259999999,0
1180,1447.4,412,1538.7761,1318.9916070000002,1758.560593,380.909,0.0,805.2416259999999,0
1181,1554.2,564,1538.7761,1318.9916070000002,1758.560593,380.909,0.0,805.2416259999999,0
1182,1484.8,218,1538.7761,1318.9916070000002,1758.560593,380.909,0.0,805.2416259999999,0
1183,1495.2,371,1538.7761,1318.9916070000002,1758.560593,380.909,0.0,805.2416259999999,0
1184,1476.6,214,1538.7761,1318.9916070000002,1758.560593,380.909,0.0,805.2416259999999,0
1185,1488.2,428,1538.7761,1318.9916070000002,1758.560593,380.909,0.0,805.2416259999999,0
1186,1545.8,209,1538.7761,1318.9916070000002,1758.560593,380.909,0.0,805.2416259999999,0
1187,1432.2,179,1538.7761,1318.9916070000002,1758.560593,380.909,0.0,805.2416259999999,0
1188,1553.4,293,1538.7761,1318.9916070000002,1758.560593,380.909,0.0,805.2416259999999,0
1189,1468.0,114,1538.7761,1318.9916070000002,1758.560593,380.909,0.0,805.2416259999999,0
1190,1599.0,698,1538.7761,1318.9916070000002,1758.560593,380.909,0.0,805.2416259999999,0
1191,1624.0,246,1538.7761,1318.9916070000002,1758.560593,380.909,0.0,805.2416259999999,0
1192,1547.2,275,1538.7761,1318.9916070000002,1758.560593,380.909,0.0,805.2416259999999,0
1193,1632.0,189,1538.7761,1318.9916070000002,1758.560593,380.909,0.0,805.2416259999999,0
1194,1414.4,143,1538.7761,1318.9916070000002,1758.560593,380.909,0.0,805.2416259999999,0
1195,1463.2,166,1538.7761,1318.9916070000002,1758.560593,380.909,0.0,805.2416259999999,0
1196,1546.2,372,1538.7761,1318.9916070000002,1758.560593,380.909,0.0,805.2416259999999,0
1197,1459.8,308,1538.7761,1318.9916070000002,1758.560593,380.909,0.0,805.2416259999999,0
1198,1433.0,312,1538.7761,1318.9916070000002,1758.560593,380.909,0.0,805.2416259999999,0
1199,1412.4,320,1538.7761,1318.9916070000002,1758.560593,380.909,0.0,805.2416259999999,0
1200,1632.2,534,1538.7761,1318.9916070000002,1758.560593,380.909,0.0,805.2416259999999,0
1201,1556.8,381,1538.7761,1318.9916070000002,1758.560593,380.909,0.0,805.2416259999999,0
1202,1687.4,807,1538.7761,1318.9916070000002,1758.560593,380.909,0.0,805.2416259999999,0
1203,1526.4,193,1538.7761,1318.9916070000002,1758.560593,380.909,0.0,805.2416259999999,0
1204,1483.8,159,1538.7761,1318.9916070000002,1758.560593,380.909,0.0,805.2416259999999,0
1205,1535.8,458,1538.7761,1318.9916070000002,1758.560593,380.909,0.0,805.2416259999999,0
1206,1415.2,136,1538.7761,1318.9916070000002,1758.560593,380.909,0.0,805.2416259999999,0
1207,1493.2,365,1538.7761,1318.9916070000002,1758.560593,380.909,0.0,805.2416259999999,0
1208,1491.6,301,1538.7761,1318.9916070000002,1758.560593,380.909,0.0,805.2416259999999,0
1209,1485.2,162,1538.7761,1318.9916070000002,1758.560593,380.909,0.0,805.2416259999999,0
1210,1520.6,542,1538.7761,1318.9916070000002,1758.560593,380.909,0.0,805.2416259999999,0
1211,1639.4,621,1538.7761,1318.9916070000002,1758.560593,380.909,0.0,805.2416259999999,0
1212,1733.8,760,1538.7761,1318.9916070000002,1758.560593,380.909,0.0,805.2416259999999,0
1213,1595.8,482,1538.7761,1318.9916070000002,1758.560593,380.909,0.0,805.2416259999999,0
1214,1720.4,479,1538.7761,1318.9916070000002,1758.560593,380.909,0.0,805.2416259999999,0
1215,1617.0,338,1538.7761,1318.9916070000002,1758.560593,380.909,0.0,805.2416259999999,0
1216,1498.8,474,1538.7761,1318.9916070000002,1758.560593,380.909,0.0,805.2416259999999,0
1217,1446.2,165,1538.7761,1318.9916070000002,1758.560593,380.909,0.0,805.2416259999999,0
1218,1520.8,123,1538.7761,1318.9916070000002,1758.560593,380.909,0.0,805.2416259999999,0
1219,1511.0,333,1538.7761,1318.9916070000002,1758.560593,380.909,0.0,805.2416259999999,0
1220,1589.0,472,1538.7761,1318.9916070000002,1758.560593,380.909,0.0,805.2416259999999,0
1221,1562.4,479,1538.7761,1318.9916070000002,1758.560593,380.909,0.0,805.2416259999999,0
1222,1516.8,246,1538.7761,1318.9916070000002,1758.560593,380.909,0.0,805.2416259999999,0
1223,1643.6,439,1538.7761,1318.9916070000002,1758.560593,380.909,0.0,805.2416259999999,0
1224,1456.8,253,1538.7761,1318.9916070000002,1758.560593,380.909,0.0,805.2416259999999,0
1225,1507.0,325,1538.7761,1318.9916070000002,1758.560593,380.909,0.0,805.2416259999999,0
1226,1520.0,767,1538.7761,1318.9916070000002,1758.560593,380.909,0.0,805.2416259999999,0
1227,1518.6,211,1538.7761,1318.9916070000002,1758.560593,380.909,0.0,805.2416259999999,0
1228,1631.2,598,1538.7761,1318.9916070000002,1758.560593,380.909,0.0,805.2416259999999,0
1229,1604.0,269,1538.7761,1318.9916070000002,1758.560593,380.909,0.0,805.2416259999999,0
1230,1595.8,669,1538.7761,1318.9916070000002,1758.560593,380.909,0.0,805.2416259999999,0
1231,1571.8,529,1538.7761,1318.9916070000002,1758.560593,380.909,0.0,805.2416259999999,0
1232,1598.4,375,1538.7761,1318.9916070000002,1758.560593,380.909,0.0,805.2416259999999,0
1233,1524.2,298,1538.7761,1318.9916070000002,1758.560593,380.909,0.0,805.2416259999999,0
1234,1502.8,416,1538.7761,1318.9916070000002,1758.560593,380.909,0.0,805.2416259999999,0
1235,1551.6,217,1538.7761,1318.9916070000002,1758.560593,380.909,0.0,805.2416259999999,0
1236,1447.4,245,1538.7761,1318.9916070000002,1758.560593,380.909,0.0,805.2416259999999,0
1237,1598.0,500,1538.7761,1318.9916070000002,1758.560593,380.909,0.0,805.2416259999999,0
1238,1625.6,505,1538.7761,1318.9916070000002,1758.560593,380.909,0.0,805.2416259999999,0
1239,1648.4,488,1538.7761,1318.9916070000002,1758.560593,380.909,0.0,805.2416259999999,0
1240,1594.8,236,1538.7761,1318.9916070000002,1758.560593,380.909,0.0,805.2416259999999,0
1241,1481.6,383,1538.7761,1318.9916070000002,1758.560593,380.909,0.0,805.2416259999999,0
1242,1527.4,289,1538.7761,1318.9916070000002,1758.560593,380.909,0.0,805.2416259999999,0
1243,1428.0,192,1538.7761,1318.9916070000002,1758.560593,380.909,0.0,805.2416259999999,0
1244,1494.6,358,1538.7761,1318.9916070000002,1758.560593,380.909,0.0,805.2416259999999,0
1245,1557.0,433,1538.7761,1318.9916070000002,1758.560593,380.909,0.0,805.2416259999999,0
1246,1564.4,824,1538.7761,1318.9916070000002,1758.560593,380.909,0.0,805.2416259999999,0
1247,1531.6,174,1538.7761,1318.9916070000002,1758.560593,380.909,0.0,805.2416259999999,0
1248,1511.2,254,1538.7761,1318.9916070000002,1758.560593,380.909,0.0,805.2416259999999,0
1249,1612.6,880,1538.7761,1318.9916070000002,1758.560593,380.909,0.0,805.2416259999999,0
1250,1468.2,137,1538.7761,1318.9916070000002,1758.560593,380.909,0.0,805.2416259999999,0
1251,1535.8,207,1538.7761,1318.9916070000002,1758.560593,380.909,0.0,805.2416259999999,0
1252,1445.4,207,1538.7761,1318.9916070000002,1758.560593,380.909,0.0,805.2416259999999,0
1253,1546.6,281,1538.7761,1318.9916070000002,1758.560593,380.909,0.0,805.2416259999999,0
1254,1476.2,248,1538.7761,1318.9916070000002,1758.560593,380.909,0.0,805.2416259999999,0
1255,1681.2,592,1538.7761,1318.9916070000002,1758.560593,380.909,0.0,805.2416259999999,0
1256,1464.4,395,1538.7761,1318.9916070000002,1758.560593,380.909,0.0,805.2416259999999,0
1257,1570.6,316,1538.7761,1318.9916070000002,1758.560593,380.909,0.0,805.2416259999999,0
1258,1416.2,363,1538.7761,1318.9916070000002,1758.560593,380.909,0.0,805.2416259999999,0
1259,1626.8,420,1538.7761,1318.9916070000002,1758.560593,380.909,0.0,805.2416259999999,0
1260,1466.6,473,1538.7761,1318.9916070000002,1758.560593,380.909,0.0,805.2416259999999,0
1261,1503.8,139,1538.7761,1318.9916070000002,1758.560593,380.909,0.0,805.2416259999999,0
1262,1570.2,304,1538.7761,1318.9916070000002,1758.560593,380.909,0.0,805.2416259999999,0
1263,1660.4,650,1538.7761,1318.9916070000002,1758.560593,380.909,0.0,805.2416259999999,0
1264,1462.4,223,1538.7761,1318.9916070000002,1758.560593,380.909,0.0,805.2416259999999,0
1265,1358.2,197,1538.7761,1318.9916070000002,1758.560593,380.909,0.0,805.2416259999999,0
1266,1582.8,296,1538.7761,1318.9916070000002,1758.560593,380.909,0.0,805.2416259999999,0
1267,1641.8,579,1538.7761,1318.9916070000002,1758.560593,380.909,0.0,805.2416259999999,0
1268,1478.4,286,1538.7761,1318.9916070000002,1758.560593,380.909,0.0,805.2416259999999,0
1269,1492.6,453,1538.7761,1318.9916070000002,1758.560593,380.909,0.0,805.2416259999999,0
1270,1481.8,375,1538.7761,1318.9916070000002,1758.560593,380.909,0.0,805.2416259999999,0
1271,1491.2,203,1538.7761,1318.9916070000002,1758.560593,380.909,0.0,805.2416259999999,0
1272,1439.0,83,1538.7761,1318.9916070000002,1758.560593,380.909,0.0,805.2416259999999,0
1273,1526.8,390,1538.7761,1318.9916070000002,1758.560593,380.909,0.0,805.2416259999999,0
1274,1650.4,653,1538.7761,1318.9916070000002,1758.560593,380.909,0.0,805.2416259999999,0
1275,1597.4,558,1538.7761,1318.9916070000002,1758.560593,380.909,0.0,805.2416259999999,0
1276,1572.6,209,1538.7761,1318.9916070000002,1758.560593,380.909,0.0,805.2416259999999,0
1277,1525.6,341,1538.7761,1318.9916070000002,1758.560593,380.909,0.0,805.2416259999999,0
1278,1547.8,267,1538.7761,1318.9916070000002,1758.560593,380.909,0.0,805.2416259999999,0
1279,1525.8,272,1538.7761,1318.9916070000002,1758.560593,380.909,0.0,805.2416259999999,0
1280,1468.2,236,1538.7761,1318.9916070000002,1758.560593,380.909,0.0,805.2416259999999,0
1281,1518.0,466,1538.7761,1318.9916070000002,1758.560593,380.909,0.0,805.2416259999999,0
1282,1689.8,625,1538.7761,1318.9916070000002,1758.560593,380.909,0.0,805.2416259999999,0
1283,1519.6,191,1538.7761,1318.9916070000002,1758.560593,380.909,0.0,805.2416259999999,0
1284,1465.2,146,1538.7761,1318.9916070000002,1758.560593,380.909,0.0,805.2416259999999,0
1285,1473.6,160,1538.7761,1318.9916070000002,1758.560593,380.909,0.0,805.2416259999999,0
1286,1479.2,350,1538.7761,1318.9916070000002,1758.560593,380.909,0.0,805.2416259999999,0
1287,1477.4,217,1538.7761,1318.9916070000002,1758.560593,380.909,0.0,805.2416259999999,0
1288,1581.8,487,1538.7761,1318.9916070000002,1758.560593,380.909,0.0,805.2416259999999,0
1289,1488.4,378,1538.7761,1318.9916070000002,1758.560593,380.909,0.0,805.2416259999999,0
1290,1573.2,540,1538.7761,1318.9916070000002,1758.560593,380.909,0.0,805.2416259999999,0
1291,1571.0,431,1538.7761,1318.9916070000002,1758.560593,380.909,0.0,805.2416259999999,0
1292,1409.2,263,1538.7761,1318.9916070000002,1758.560593,380.909,0.0,805.2416259999999,0
1293,1478.8,422,1538.7761,1318.9916070000002,1758.560593,380.909,0.0,805.2416259999999,0
1294,1575.2,324,1538.7761,1318.9916070000002,1758.560593,380.909,0.0,805.2416259999999,0
1295,1473.4,224,1538.7761,1318.9916070000002,1758.560593,380.909,0.0,805.2416259999999,0
1296,1573.2,457,1538.7761,1318.9916070000002,1758.560593,380.909,0.0,805.2416259999999,0
1297,1597.2,507,1538.7761,1318.9916070000002,1758.560593,380.909,0.0,805.2416259999999,0
1298,1585.8,609,1538.7761,1318.9916070000002,1758.560593,380.909,0.0,805.2416259999999,0
1299,1455.0,254,1538.7761,1318.9916070000002,1758.560593,380.909,0.0,805.2416259999999,0
1300,1706.6,729,1538.7761,1318.9916070000002,1758.560593,380.909,0.0,805.2416259999999,0
1301,1751.4,1179,1538.7761,1318.9916070000002,1758.560593,380.909,0.0,805.2416259999999,0
1302,1557.8,302,1538.7761,1318.9916070000002,1758.560593,380.909,0.0,805.2416259999999,0
1303,1637.6,847,1538.7761,1318.9916070000002,1758.560593,380.909,0.0,805.2416259999999,0
1304,1423.8,328,1538.7761,1318.9916070000002,1758.560593,380.909,0.0,805.2416259999999,0
1305,1709.0,385,1538.7761,1318.9916070000002,1758.560593,380.909,0.0,805.2416259999999,0
1306,1474.0,234,1538.7761,1318.9916070000002,1758.560593,380.909,0.0,805.2416259999999,0
1307,1510.6,304,1538.7761,1318.9916070000002,1758.560593,380.909,0.0,805.2416259999999,0
1308,1463.0,99,1538.7761,1318.9916070000002,1758.560593,380.909,0.0,805.2416259999999,0
1309,1517.6,330,1538.7761,1318.9916070000002,1758.560593,380.909,0.0,805.2416259999999,0
1310,1661.0,243,1538.7761,1318.9916070000002,1758.560593,380.909,0.0,805.2416259999999,0
1311,1589.2,397,1538.7761,1318.9916070000002,1758.560593,380.909,0.0,805.2416259999999,0
1312,1535.4,292,1538.7761,1318.9916070000002,1758.560593,380.909,0.0,805.2416259999999,0
1313,1785.4,404,1538.7761,1318.9916070000002,1758.560593,380.909,0.0,805.2416259999999,1
1314,1582.2,591,1538.7761,1318.9916070000002,1758.560593,380.909,0.0,805.2416259999999,0
1315,1574.6,477,1538.7761,1318.9916070000002,1758.560593,380.909,0.0,805.2416259999999,0
1316,1505.4,256,1538.7761,1318.9916070000002,1758.560593,380.909,0.0,805.2416259999999,0
1317,1493.8,187,1538.7761,1318.9916070000002,1758.560593,380.909,0.0,805.2416259999999,0
1318,1575.2,360,1538.7761,1318.9916070000002,1758.560593,380.909,0.0,805.2416259999999,0
1319,1805.0,646,1538.7761,1318.9916070000002,1758.560593,380.909,0.0,805.2416259999999,1
1320,1462.6,70,1538.7761,1318.9916070000002,1758.560593,380.909,0.0,805.2416259999999,0
1321,1424.2,226,1538.7761,1318.9916070000002,1758.560593,380.909,0.0,805.2416259999999,0
1322,1570.4,217,1538.7761,1318.9916070000002,1758.560593,380.909,0.0,805.2416259999999,0
1323,1505.0,438,1538.7761,1318.9916070000002,1758.560593,380.909,0.0,805.2416259999999,0
1324,1436.4,318,1538.7761,1318.9916070000002,1758.560593,380.909,0.0,805.2416259999999,0
1325,1623.8,419,1538.7761,1318.9916070000002,1758.560593,380.909,0.0,805.2416259999999,0
1326,1580.0,479,1538.7761,1318.9916070000002,1758.560593,380.909,0.0,805.2416259999999,0
1327,1445.2,436,1538.7761,1318.9916070000002,1758.560593,380.909,0.0,805.2416259999999,0
1328,1518.8,394,1538.7761,1318.9916070000002,1758.560593,380.909,0.0,805.2416259999999,0
1329,1468.0,394,1538.7761,1318.9916070000002,1758.560593,380.909,0.0,805.2416259999999,0
1330,1546.0,577,1538.7761,1318.9916070000002,1758.560593,380.909,0.0,805.2416259999999,0
1331,1646.0,927,1538.7761,1318.9916070000002,1758.560593,380.909,0.0,805.2416259999999,0
1332,1524.4,265,1538.7761,1318.9916070000002,1758.560593,380.909,0.0,805.2416259999999,0
1333,1611.4,672,1538.7761,1318.9916070000002,1758.560593,380.909,0.0,805.2416259999999,0
1334,1487.4,157,1538.7761,1318.9916070000002,1758.560593,380.909,0.0,805.2416259999999,0
1335,1555.4,641,1538.7761,1318.9916070000002,1758.560593,380.909,0.0,805.2416259999999,0
1336,1433.0,243,1538.7761,1318.9916070000002,1758.560593,380.909,0.0,805.2416259999999,0
1337,1442.0,220,1538.7761,1318.9916070000002,1758.560593,380.909,0.0,805.2416259999999,0
1338,1608.2,183,1538.7761,1318.9916070000002,1758.560593,380.909,0.0,805.2416259999999,0
1339,1549.6,539,1538.7761,1318.9916070000002,1758.560593,380.909,0.0,805.2416259999999,0
1340,1504.8,332,1538.7761,1318.9916070000002,1758.560593,380.909,0.0,805.2416259999999,0
1341,1592.0,325,1538.7761,1318.9916070000002,1758.560593,380.909,0.0,805.2416259999999,0
1342,1452.8,175,1538.7761,1318.9916070000002,1758.560593,380.909,0.0,805.2416259999999,0
1343,1424.2,193,1538.7761,1318.9916070000002,1758.560593,380.909,0.0,805.2416259999999,0
1344,1599.0,750,1538.7761,1318.9916070000002,1758.560593,380.909,0.0,805.2416259999999,0
1345,1504.0,377,1538.7761,1318.9916070000002,1758.560593,380.909,0.0,805.2416259999999,0
1346,1611.8,532,1538.7761,1318.9916070000002,1758.560593,380.909,0.0,805.2416259999999,0
1347,1441.0,264,1538.7761,1318.9916070000002,1758.560593,380.909,0.0,805.2416259999999,0
1348,1498.8,74,1538.7761,1318.9916070000002,1758.560593,380.909,0.0,805.2416259999999,0
1349,1455.6,341,1538.7761,1318.9916070000002,1758.560593,380.909,0.0,805.2416259999999,0
1350,1634.2,621,1538.7761,1318.9916070000002,1758.560593,380.909,0.0,805.2416259999999,0
1351,1519.2,321,1538.7761,1318.9916070000002,1758.560593,380.909,0.0,805.2416259999999,0
1352,1682.0,399,1538.7761,1318.9916070000002,1758.560593,380.909,0.0,805.2416259999999,0
1353,1506.2,420,1538.7761,1318.9916070000002,1758.560593,380.909,0.0,805.2416259999999,0
1354,1468.4,188,1538.7761,1318.9916070000002,1758.560593,380.909,0.0,805.2416259999999,0
1355,1627.0,581,1538.7761,1318.9916070000002,1758.560593,380.909,0.0,805.2416259999999,0
1356,1652.6,579,1538.7761,1318.9916070000002,1758.560593,380.909,0.0,805.2416259999999,0
1357,1485.2,169,1538.7761,1318.9916070000002,1758.560593,380.909,0.0,805.2416259999999,0
1358,1448.4,258,1538.7761,1318.9916070000002,1758.560593,380.909,0.0,805.2416259999999,0
1359,1723.4,791,1538.7761,1318.9916070000002,1758.560593,380.909,0.0,805.2416259999999,0
1360,1740.8,1336,1538.7761,1318.9916070000002,1758.560593,380.909,0.0,805.2416259999999,0
1361,1444.0,311,1538.7761,1318.9916070000002,1758.560593,380.909,0.0,805.2416259999999,0
1362,1507.0,217,1538.7761,1318.9916070000002,1758.560593,380.909,0.0,805.2416259999999,0
1363,1493.2,377,1538.7761,1318.9916070000002,1758.560593,380.909,0.0,805.2416259999999,0
1364,1482.6,298,1538.7761,1318.9916070000002,1758.560593,380.909,0.0,805.2416259999999,0
1365,1562.6,472,1538.7761,1318.9916070000002,1758.560593,380.909,0.0,805.2416259999999,0
1366,1606.2,436,1538.7761,1318.9916070000002,1758.560593,380.909,0.0,805.2416259999999,0
1367,1414.6,206,1538.7761,1318.9916070000002,1758.560593,380.909,0.0,805.2416259999999,0
1368,1539.8,470,1538.7761,1318.9916070000002,1758.560593,380.909,0.0,805.2416259999999,0
1369,1674.4,329,1538.7761,1318.9916070000002,1758.560593,380.909,0.0,805.2416259999999,0
1370,1558.0,368,1538.7761,1318.9916070000002,1758.560593,380.909,0.0,805.2416259999999,0
1371,1489.0,208,1538.7761,1318.9916070000002,1758.560593,380.909,0.0,805.2416259999999,0
1372,1697.6,442,1538.7761,1318.9916070000002,1758.560593,380.909,0.0,805.2416259999999,0
1373,1679.8,939,1538.7761,1318.9916070000002,1758.560593,380.909,0.0,805.2416259999999,0
1374,1420.4,189,1538.7761,1318.9916070000002,1758.560593,380.909,0.0,805.2416259999999,0
1375,1438.2,302,1538.7761,1318.9916070000002,1758.560593,380.909,0.0,805.2416259999999,0
1376,1653.0,807,1538.7761,1318.9916070000002,1758.560593,380.909,0.0,805.2416259999999,0
1377,1778.4,581,1538.7761,1318.9916070000002,1758.560593,380.909,0.0,805.2416259999999,1
1378,1493.0,395,1538.7761,1318.9916070000002,1758.560593,380.909,0.0,805.2416259999999,0
1379,1471.0,124,1538.7761,1318.9916070000002,1758.560593,380.909,0.0,805.2416259999999,0
1380,1456.4,319,1538.7761,1318.9916070000002,1758.560593,380.909,0.0,805.2416259999999,0
1381,1598.2,243,1538.7761,1318.9916070000002,1758.560593,380.909,0.0,805.2416259999999,0
1382,1503.6,237,1538.7761,1318.9916070000002,1758.560593,380.909,0.0,805.2416259999999,0
1383,1539.4,234,1538.7761,1318.9916070000002,1758.560593,380.909,0.0,805.2416259999999,0
1384,1514.2,159,1538.7761,1318.9916070000002,1758.560593,380.909,0.0,805.2416259999999,0
1385,1442.4,40,1538.7761,1318.9916070000002,1758.560593,380.909,0.0,805.2416259999999,0
1386,1457.6,550,1538.7761,1318.9916070000002,1758.560593,380.909,0.0,805.2416259999999,0
1387,1541.4,514,1538.7761,1318.9916070000002,1758.560593,380.909,0.0,805.2416259999999,0
1388,1520.2,530,1538.7761,1318.9916070000002,1758.560593,380.909,0.0,805.2416259999999,0
1389,1502.0,416,1538.7761,1318.9916070000002,1758.560593,380.909,0.0,805.2416259999999,0
1390,1625.2,395,1538.7761,1318.9916070000002,1758.560593,380.909,0.0,805.2416259999999,0
1391,1457.4,150,1538.7761,1318.9916070000002,1758.560593,380.909,0.0,805.2416259999999,0
1392,1452.6,239,1538.7761,1318.9916070000002,1758.560593,380.909,0.0,805.2416259999999,0
1393,1481.6,718,1538.7761,1318.9916070000002,1758.560593,380.909,0.0,805.2416259999999,0
1394,1603.6,657,1538.7761,1318.9916070000002,1758.560593,380.909,0.0,805.2416259999999,0
1395,1430.4,241,1538.7761,1318.9916070000002,1758.560593,380.909,0.0,805.2416259999999,0
1396,1575.8,1033,1538.7761,1318.9916070000002,1758.560593,380.909,0.0,805.2416259999999,0
1397,1519.4,372,1538.7761,1318.9916070000002,1758.560593,380.909,0.0,805.2416259999999,0
1398,1781.8,959,1538.7761,1318.9916070000002,1758.560593,380.909,0.0,805.2416259999999,1
1399,1739.6,1103,1538.7761,1318.9916070000002,1758.560593,380.909,0.0,805.2416259999999,0
1400,1547.4,317,1538.7761,1318.9916070000002,1758.560593,380.909,0.0,805.2416259999999,0
1401,1585.6,539,1538.7761,1318.9916070000002,1758.560593,380.909,0.0,805.2416259999999,0
1402,1432.2,197,1538.7761,1318.9916070000002,1758.560593,380.909,0.0,805.2416259999999,0
1403,1669.4,1335,1538.7761,1318.9916070000002,1758.560593,380.909,0.0,805.2416259999999,0
1404,1510.6,364,1538.7761,1318.9916070000002,1758.560593,380.909,0.0,805.2416259999999,0
1405,1670.2,667,1538.7761,1318.9916070000002,1758.560593,380.909,0.0,805.2416259999999,0
1406,1471.2,140,1538.7761,1318.9916070000002,1758.560593,380.909,0.0,805.2416259999999,0
1407,1654.6,361,1538.7761,1318.9916070000002,1758.560593,380.909,0.0,805.2416259999999,0
1408,1544.8,157,1538.7761,1318.9916070000002,1758.560593,380.909,0.0,805.2416259999999,0
1409,1668.6,536,1538.7761,1318.9916070000002,1758.560593,380.909,0.0,805.2416259999999,0
1410,1674.8,606,1538.7761,1318.9916070000002,1758.560593,380.909,0.0,805.2416259999999,0
1411,1513.2,110,1538.7761,1318.9916070000002,1758.560593,380.909,0.0,805.2416259999999,0
1412,1580.4,257,1538.7761,1318.9916070000002,1758.560593,380.909,0.0,805.2416259999999,0
1413,1452.4,462,1538.7761,1318.9916070000002,1758.560593,380.909,0.0,805.2416259999999,0
1414,1465.6,188,1538.7761,1318.9916070000002,1758.560593,380.909,0.0,805.2416259999999,0
1415,1451.2,172,1538.7761,1318.9916070000002,1758.560593,380.909,0.0,805.2416259999999,0
1416,1578.4,603,1538.7761,1318.9916070000002,1758.560593,380.909,0.0,805.2416259999999,0
1417,1515.4,428,1538.7761,1318.9916070000002,1758.560593,380.909,0.0,805.2416259999999,0
1418,1776.4,1030,1538.7761,1318.9916070000002,1758.560593,380.909,0.0,805.2416259999999,1
1419,1421.0,175,1538.7761,1318.9916070000002,1758.560593,380.909,0.0,805.2416259999999,0
1420,1444.4,409,1538.7761,1318.9916070000002,1758.560593,380.909,0.0,805.2416259999999,0
1421,1628.8,396,1538.7761,1318.9916070000002,1758.560593,380.909,0.0,805.2416259999999,0
1422,1528.0,117,1538.7761,1318.9916070000002,1758.560593,380.909,0.0,805.2416259999999,0
1423,1482.6,134,1538.7761,1318.9916070000002,1758.560593,380.909,0.0,805.2416259999999,0
1424,1514.8,223,1538.7761,1318.9916070000002,1758.560593,380.909,0.0,805.2416259999999,0
1425,1779.0,913,1538.7761,1318.9916070000002,1758.560593,380.909,0.0,805.2416259999999,1
1426,1477.4,374,1538.7761,1318.9916070000002,1758.560593,380.909,0.0,805.2416259999999,0
1427,1443.8,146,1538.7761,1318.9916070000002,1758.560593,380.909,0.0,805.2416259999999,0
1428,1412.8,198,1538.7761,1318.9916070000002,1758.560593,380.909,0.0,805.2416259999999,0
1429,1457.8,226,1538.7761,1318.9916070000002,1758.560593,380.909,0.0,805.2416259999999,0
1430,1499.6,204,1538.7761,1318.9916070000002,1758.560593,380.909,0.0,805.2416259999999,0
1431,1569.8,505,1538.7761,1318.9916070000002,1758.560593,380.909,0.0,805.2416259999999,0
1432,1523.8,275,1538.7761,1318.9916070000002,1758.560593,380.909,0.0,805.2416259999999,0
1433,1455.6,123,1538.7761,1318.9916070000002,1758.560593,380.909,0.0,805.2416259999999,0
1434,1475.8,342,1538.7761,1318.9916070000002,1758.560593,380.909,0.0,805.2416259999999,0
1435,1499.2,282,1538.7761,1318.9916070000002,1758.560593,380.909,0.0,805.2416259999999,0
1436,1551.4,235,1538.7761,1318.9916070000002,1758.560593,380.909,0.0,805.2416259999999,0
1437,1631.0,827,1538.7761,1318.9916070000002,1758.560593,380.909,0.0,805.2416259999999,0
1438,1498.0,386,1538.7761,1318.9916070000002,1758.560593,380.909,0.0,805.2416259999999,0
1439,1417.8,323,1538.7761,1318.9916070000002,1758.560593,380.909,0.0,805.2416259999999,0
1440,1478.4,104,1538.7761,1318.9916070000002,1758.560593,380.909,0.0,805.2416259999999,0
1441,1473.6,282,1538.7761,1318.9916070000002,1758.560593,380.909,0.0,805.2416259999999,0
1442,1562.2,250,1538.7761,1318.9916070000002,1758.560593,380.909,0.0,805.2416259999999,0
1443,1503.8,374,1538.7761,1318.9916070000002,1758.560593,380.909,0.0,805.2416259999999,0
1444,1560.0,316,1538.7761,1318.9916070000002,1758.560593,380.909,0.0,805.2416259999999,0
1445,1430.8,278,1538.7761,1318.9916070000002,1758.560593,380.909,0.0,805.2416259999999,0
1446,1629.2,542,1538.7761,1318.9916070000002,1758.560593,380.909,0.0,805.2416259999999,0
1447,1515.6,242,1538.7761,1318.9916070000002,1758.560593,380.909,0.0,805.2416259999999,0
1448,1540.6,336,1538.7761,1318.9916070000002,1758.560593,380.909,0.0,805.2416259999999,0
1449,1489.2,398,1538.7761,1318.9916070000002,1758.560593,380.909,0.0,805.2416259999999,0
1450,1527.2,448,1538.7761,1318.9916070000002,1758.560593,380.909,0.0,805.2416259999999,0
1451,1478.6,93,1538.7761,1318.9916070000002,1758.560593,380.909,0.0,805.2416259999999,0
1452,1574.4,334,1538.7761,1318.9916070000002,1758.560593,380.909,0.0,805.2416259999999,0
1453,1732.8,995,1538.7761,1318.9916070000002,1758.560593,380.909,0.0,805.2416259999999,0
1454,1548.0,311,1538.7761,1318.9916070000002,1758.560593,380.909,0.0,805.2416259999999,0
1455,1497.0,606,1538.7761,1318.9916070000002,1758.560593,380.909,0.0,805.2416259999999,0
1456,1503.6,364,1538.7761,1318.9916070000002,1758.560593,380.909,0.0,805.2416259999999,0
1457,1447.4,387,1538.7761,1318.9916070000002,1758.560593,380.909,0.0,805.2416259999999,0
1458,1525.6,781,1538.7761,1318.9916070000002,1758.560593,380.909,0.0,805.2416259999999,0
1459,1642.8,393,1538.7761,1318.9916070000002,1758.560593,380.909,0.0,805.2416259999999,0
1460,1546.8,552,1538.7761,1318.9916070000002,1758.560593,380.909,0.0,805.2416259999999,0
1461,1449.4,180,1538.7761,1318.9916070000002,1758.560593,380.909,0.0,805.2416259999999,0
1462,1473.8,457,1538.7761,1318.9916070000002,1758.560593,380.909,0.0,805.2416259999999,0
1463,1450.4,338,1538.7761,1318.9916070000002,1758.560593,380.909,0.0,805.2416259999999,0
1464,1558.8,184,1538.7761,1318.9916070000002,1758.560593,380.909,0.0,805.2416259999999,0
1465,1638.8,500,1538.7761,1318.9916070000002,1758.560593,380.909,0.0,805.2416259999999,0
1466,1484.6,241,1538.7761,1318.9916070000002,1758.560593,380.909,0.0,805.2416259999999,0
1467,1585.4,438,1538.7761,1318.9916070000002,1758.560593,380.909,0.0,805.2416259999999,0
1468,1498.2,251,1538.7761,1318.9916070000002,1758.560593,380.909,0.0,805.2416259999999,0
1469,1480.8,277,1538.7761,1318.9916070000002,1758.560593,380.909,0.0,805.2416259999999,0
1470,1514.4,252,1538.7761,1318.9916070000002,1758.560593,380.909,0.0,805.2416259999999,0
1471,1496.6,258,1538.7761,1318.9916070000002,1758.560593,380.909,0.0,805.2416259999999,0
1472,1515.8,326,1538.7761,1318.9916070000002,1758.560593,380.909,0.0,805.2416259999999,0
1473,1499.0,192,1538.7761,1318.9916070000002,1758.560593,380.909,0.0,805.2416259999999,0
1474,1642.6,698,1538.7761,1318.9916070000002,1758.560593,380.909,0.0,805.2416259999999,0
1475,1474.4,174,1538.7761,1318.9916070000002,1758.560593,380.909,0.0,805.2416259999999,0
1476,1428.4,218,1538.7761,1318.9916070000002,1758.560593,380.909,0.0,805.2416259999999,0
1477,1592.0,333,1538.7761,1318.9916070000002,1758.560593,380.909,0.0,805.2416259999999,0
1478,1554.6,332,1538.7761,1318.9916070000002,1758.560593,380.909,0.0,805.2416259999999,0
1479,1546.0,196,1538.7761,1318.9916070000002,1758.560593,380.909,0.0,805.2416259999999,0
1480,1613.0,239,1538.7761,1318.9916070000002,1758.560593,380.909,0.0,805.2416259999999,0
1481,1486.8,257,1538.7761,1318.9916070000002,1758.560593,380.909,0.0,805.2416259999999,0
1482,1575.6,792,1538.7761,1318.9916070000002,1758.560593,380.909,0.0,805.2416259999999,0
1483,1608.8,322,1538.7761,1318.9916070000002,1758.560593,380.909,0.0,805.2416259999999,0
1484,1487.0,145,1538.7761,1318.9916070000002,1758.560593,380.909,0.0,805.2416259999999,0
1485,1444.4,233,1538.7761,1318.9916070000002,1758.560593,380.909,0.0,805.2416259999999,0
1486,1714.2,274,1538.7761,1318.9916070000002,1758.560593,380.909,0.0,805.2416259999999,0
1487,1528.2,561,1538.7761,1318.9916070000002,1758.560593,380.909,0.0,805.2416259999999,0
1488,1571.6,240,1538.7761,1318.9916070000002,1758.560593,380.909,0.0,805.2416259999999,0
1489,1493.6,369,1538.7761,1318.9916070000002,1758.560593,380.909,0.0,805.2416259999999,0
1490,1503.0,298,1538.7761,1318.9916070000002,1758.560593,380.909,0.0,805.2416259999999,0
1491,1483.2,147,1538.7761,1318.9916070000002,1758.560593,380.909,0.0,805.2416259999999,0
1492,1509.6,200,1538.7761,1318.9916070000002,1758.560593,380.909,0.0,805.2416259999999,0
1493,1590.0,304,1538.7761,1318.9916070000002,1758.560593,380.909,0.0,805.2416259999999,0
1494,1564.2,411,1538.7761,1318.9916070000002,1758.560593,380.909,0.0,805.2416259999999,0
1495,1521.4,685,1538.7761,1318.9916070000002,1758.560593,380.909,0.0,805.2416259999999,0
1496,1470.2,184,1538.7761,1318.9916070000002,1758.560593,380.909,0.0,805.2416259999999,0
1497,1513.8,359,1538.7761,1318.9916070000002,1758.560593,380.909,0.0,805.2416259999999,0
1498,1646.6,206,1538.7761,1318.9916070000002,1758.560593,380.909,0.0,805.2416259999999,0
1499,1446.0,388,1538.7761,1318.9916070000002,1758.560593,380.909,0.0,805.2416259999999,0
1500,1610.0,284,1538.7761,1318.9916070000002,1758.560593,380.909,0.0,805.2416259999999,0
1501,1588.0,245,1538.7761,1318.9916070000002,1758.560593,380.909,0.0,805.2416259999999,0
1502,1581.8,378,1538.7761,1318.9916070000002,1758.560593,380.909,0.0,805.2416259999999,0
1503,1731.6,737,1538.7761,1318.9916070000002,1758.560593,380.909,0.0,805.2416259999999,0
1504,1503.0,763,1538.7761,1318.9916070000002,1758.560593,380.909,0.0,805.2416259999999,0
1505,1462.4,305,1538.7761,1318.9916070000002,1758.560593,380.909,0.0,805.2416259999999,0
1506,1545.6,365,1538.7761,1318.9916070000002,1758.560593,380.909,0.0,805.2416259999999,0
1507,1509.0,252,1538.7761,1318.9916070000002,1758.560593,380.909,0.0,805.2416259999999,0
1508,1690.0,1274,1538.7761,1318.9916070000002,1758.560593,380.909,0.0,805.2416259999999,0
1509,1477.4,186,1538.7761,1318.9916070000002,1758.560593,380.909,0.0,805.2416259999999,0
1510,1562.8,461,1538.7761,1318.9916070000002,1758.560593,380.909,0.0,805.2416259999999,0
1511,1489.2,183,1538.7761,1318.9916070000002,1758.560593,380.909,0.0,805.2416259999999,0
1512,1458.8,418,1538.7761,1318.9916070000002,1758.560593,380.909,0.0,805.2416259999999,0
1513,1465.4,481,1538.7761,1318.9916070000002,1758.560593,380.909,0.0,805.2416259999999,0
1514,1729.6,1115,1538.7761,1318.9916070000002,1758.560593,380.909,0.0,805.2416259999999,0
1515,1630.2,290,1538.7761,1318.9916070000002,1758.560593,380.909,0.0,805.2416259999999,0
1516,1517.4,237,1538.7761,1318.9916070000002,1758.560593,380.909,0.0,805.2416259999999,0
1517,1460.4,129,1538.7761,1318.9916070000002,1758.560593,380.909,0.0,805.2416259999999,0
1518,1641.2,616,1538.7761,1318.9916070000002,1758.560593,380.909,0.0,805.2416259999999,0
1519,1416.2,281,1538.7761,1318.9916070000002,1758.560593,380.909,0.0,805.2416259999999,0
1520,1653.6,677,1538.7761,1318.9916070000002,1758.560593,380.909,0.0,805.2416259999999,0
1521,1539.2,354,1538.7761,1318.9916070000002,1758.560593,380.909,0.0,805.2416259999999,0
1522,1595.2,676,1538.7761,1318.9916070000002,1758.560593,380.909,0.0,805.2416259999999,0
1523,1553.6,311,1538.7761,1318.9916070000002,1758.560593,380.909,0.0,805.2416259999999,0
1524,1447.4,244,1538.7761,1318.9916070000002,1758.560593,380.909,0.0,805.2416259999999,0
1525,1571.0,261,1538.7761,1318.9916070000002,1758.560593,380.909,0.0,805.2416259999999,0
1526,1448.0,350,1538.7761,1318.9916070000002,1758.560593,380.909,0.0,805.2416259999999,0
1527,1533.8,303,1538.7761,1318.9916070000002,1758.560593,380.909,0.0,805.2416259999999,0
1528,1560.4,259,1538.7761,1318.9916070000002,1758.560593,380.909,0.0,805.2416259999999,0
1529,1483.0,256,1538.7761,1318.9916070000002,1758.560593,380.909,0.0,805.2416259999999,0
1530,1708.0,384,1538.7761,1318.9916070000002,1758.560593,380.909,0.0,805.2416259999999,0
1531,1439.4,197,1538.7761,1318.9916070000002,1758.560593,380.909,0.0,805.2416259999999,0
1532,1537.0,302,1538.7761,1318.9916070000002,1758.560593,380.909,0.0,805.2416259999999,0
1533,1463.6,412,1538.7761,1318.9916070000002,1758.560593,380.909,0.0,805.2416259999999,0
1534,1464.8,203,1538.7761,1318.9916070000002,1758.560593,380.909,0.0,805.2416259999999,0
1535,1621.4,685,1538.7761,1318.9916070000002,1758.560593,380.909,0.0,805.2416259999999,0
1536,1469.4,246,1538.7761,1318.9916070000002,1758.560593,380.909,0.0,805.2416259999999,0
1537,1436.2,129,1538.7761,1318.9916070000002,1758.560593,380.909,0.0,805.2416259999999,0
1538,1596.6,700,1538.7761,1318.9916070000002,1758.560593,380.909,0.0,805.2416259999999,0
1539,1583.4,594,1538.7761,1318.9916070000002,1758.560593,380.909,0.0,805.2416259999999,0
1540,1406.0,206,1538.7761,1318.9916070000002,1758.560593,380.909,0.0,805.2416259999999,0
1541,1602.2,516,1538.7761,1318.9916070000002,1758.560593,380.909,0.0,805.2416259999999,0
1542,1571.4,393,1538.7761,1318.9916070000002,1758.560593,380.909,0.0,805.2416259999999,0
1543,1551.4,763,1538.7761,1318.9916070000002,1758.560593,380.909,0.0,805.2416259999999,0
1544,1401.4,233,1538.7761,1318.9916070000002,1758.560593,380.909,0.0,805.2416259999999,0
1545,1498.8,321,1538.7761,1318.9916070000002,1758.560593,380.909,0.0,805.2416259999999,0
1546,1582.2,432,1538.7761,1318.9916070000002,1758.560593,380.909,0.0,805.2416259999999,0
1547,1523.8,240,1538.7761,1318.9916070000002,1758.560593,380.909,0.0,805.2416259999999,0
1548,1516.8,722,1538.7761,1318.9916070000002,1758.560593,380.909,0.0,805.2416259999999,0
1549,1455.6,396,1538.7761,1318.9916070000002,1758.560593,380.909,0.0,805.2416259999999,0
1550,1497.6,343,1538.7761,1318.9916070000002,1758.560593,380.909,0.0,805.2416259999999,0
1551,1548.6,434,1538.7761,1318.9916070000002,1758.560593,380.909,0.0,805.2416259999999,0
1552,1482.8,451,1538.7761,1318.9916070000002,1758.560593,380.909,0.0,805.2416259999999,0
1553,1476.2,515,1538.7761,1318.9916070000002,1758.560593,380.909,0.0,805.2416259999999,0
1554,1515.2,642,1538.7761,1318.9916070000002,1758.560593,380.909,0.0,805.2416259999999,0
1555,1622.8,295,1538.7761,1318.9916070000002,1758.560593,380.909,0.0,805.2416259999999,0
1556,1626.2,366,1538.7761,1318.9916070000002,1758.560593,380.909,0.0,805.2416259999999,0
1557,1583.2,412,1538.7761,1318.9916070000002,1758.560593,380.909,0.0,805.2416259999999,0
1558,1453.8,169,1538.7761,1318.9916070000002,1758.560593,380.909,0.0,805.2416259999999,0
1559,1496.2,314,1538.7761,1318.9916070000002,1758.560593,380.909,0.0,805.2416259999999,0
1560,1558.0,438,1538.7761,1318.9916070000002,1758.560593,380.909,0.0,805.2416259999999,0
1561,1466.6,141,1538.7761,1318.9916070000002,1758.560593,380.909,0.0,805.2416259999999,0
1562,1534.0,357,1538.7761,1318.9916070000002,1758.560593,380.909,0.0,805.2416259999999,0
1563,1746.4,763,1538.7761,1318.9916070000002,1758.560593,380.909,0.0,805.2416259999999,0
1564,1706.4,773,1538.7761,1318.9916070000002,1758.560593,380.909,0.0,805.2416259999999,0
1565,1588.0,389,1538.7761,1318.9916070000002,1758.560593,380.909,0.0,805.2416259999999,0
1566,1511.4,364,1538.7761,1318.9916070000002,1758.560593,380.909,0.0,805.2416259999999,0
1567,1519.8,121,1538.7761,1318.9916070000002,1758.560593,380.909,0.0,805.2416259999999,0
1568,1516.8,313,1538.7761,1318.9916070000002,1758.560593,380.909,0.0,805.2416259999999,0
1569,1527.8,259,1538.7761,1318.9916070000002,1758.560593,380.909,0.0,805.2416259999999,0
1570,1529.8,476,1538.7761,1318.9916070000002,1758.560593,380.909,0.0,805.2416259999999,0
1571,1440.6,234,1538.7761,1318.9916070000002,1758.560593,380.909,0.0,805.2416259999999,0
1572,1435.4,242,1538.7761,1318.9916070000002,1758.560593,380.909,0.0,805.2416259999999,0
1573,1427.2,181,1538.7761,1318.9916070000002,1758.560593,380.909,0.0,805.2416259999999,0
1574,1498.4,396,1538.7761,1318.9916070000002,1758.560593,380.909,0.0,805.2416259999999,0
1575,1430.2,255,1538.7761,1318.9916070000002,1758.560593,380.909,0.0,805.2416259999999,0
1576,1521.2,563,1538.7761,1318.9916070000002,1758.560593,380.909,0.0,805.2416259999999,0
1577,1506.2,224,1538.7761,1318.9916070000002,1758.560593,380.909,0.0,805.2416259999999,0
1578,1660.4,803,1538.7761,1318.9916070000002,1758.560593,380.909,0.0,805.2416259999999,0
1579,1568.6,351,1538.7761,1318.9916070000002,1758.560593,380.909,0.0,805.2416259999999,0
1580,1403.8,70,1538.7761,1318.9916070000002,1758.560593,380.909,0.0,805.2416259999999,0
1581,1573.2,460,1538.7761,1318.9916070000002,1758.560593,380.909,0.0,805.2416259999999,0
1582,1600.0,486,1538.7761,1318.9916070000002,1758.560593,380.909,0.0,805.2416259999999,0
1583,1511.8,269,1538.7761,1318.9916070000002,1758.560593,380.909,0.0,805.2416259999999,0
1584,1502.8,53,1538.7761,1318.9916070000002,1758.560593,380.909,0.0,805.2416259999999,0
1585,1420.4,80,1538.7761,1318.9916070000002,1758.560593,380.909,0.0,805.2416259999999,0
1586,1534.8,362,1538.7761,1318.9916070000002,1758.560593,380.909,0.0,805.2416259999999,0
1587,1596.2,473,1538.7761,1318.9916070000002,1758.560593,380.909,0.0,805.2416259999999,0
1588,1504.4,325,1538.7761,1318.9916070000002,1758.560593,380.909,0.0,805.2416259999999,0
1589,1526.0,339,1538.7761,1318.9916070000002,1758.560593,380.909,0.0,805.2416259999999,0
1590,1529.0,229,1538.7761,1318.9916070000002,1758.560593,380.909,0.0,805.2416259999999,0
1591,1558.4,396,1538.7761,1318.9916070000002,1758.560593,380.909,0.0,805.2416259999999,0
1592,1585.0,830,1538.7761,1318.9916070000002,1758.560593,380.909,0.0,805.2416259999999,0
1593,1412.0,246,1538.7761,1318.9916070000002,1758.560593,380.909,0.0,805.2416259999999,0
1594,1643.4,347,1538.7761,1318.9916070000002,1758.560593,380.909,0.0,805.2416259999999,0
1595,1461.8,385,1538.7761,1318.9916070000002,1758.560593,380.909,0.0,805.2416259999999,0
1596,1445.8,170,1538.7761,1318.9916070000002,1758.560593,380.909,0.0,805.2416259999999,0
1597,1517.8,156,1538.7761,1318.9916070000002,1758.560593,380.909,0.0,805.2416259999999,0
1598,1506.4,157,1538.7761,1318.9916070000002,1758.560593,380.909,0.0,805.2416259999999,0
1599,1642.8,428,1538.7761,1318.9916070000002,1758.560593,380.909,0.0,805.2416259999999,0
1600,1792.2,1351,1538.7761,1318.9916070000002,1758.560593,380.909,0.0,805.2416259999999,1
1601,1495.0,577,1538.7761,1318.9916070000002,1758.560593,380.909,0.0,805.2416259999999,0
1602,1629.2,715,1538.7761,1318.9916070000002,1758.560593,380.909,0.0,805.2416259999999,0
1603,1405.4,177,1538.7761,1318.9916070000002,1758.560593,380.909,0.0,805.2416259999999,0
1604,1617.4,442,1538.7761,1318.9916070000002,1758.560593,380.909,0.0,805.2416259999999,0
1605,1510.0,323,1538.7761,1318.9916070000002,1758.560593,380.909,0.0,805.2416259999999,0
1606,1475.2,230,1538.7761,1318.9916070000002,1758.560593,380.909,0.0,805.2416259999999,0
1607,1501.0,148,1538.7761,1318.9916070000002,1758.560593,380.909,0.0,805.2416259999999,0
1608,1603.8,450,1538.7761,1318.9916070000002,1758.560593,380.909,0.0,805.2416259999999,0
1609,1468.4,67,1538.7761,1318.9916070000002,1758.560593,380.909,0.0,805.2416259999999,0
1610,1463.4,238,1538.7761,1318.9916070000002,1758.560593,380.909,0.0,805.2416259999999,0
1611,1549.6,486,1538.7761,1318.9916070000002,1758.560593,380.909,0.0,805.2416259999999,0
1612,1519.8,53,1538.7761,1318.9916070000002,1758.560593,380.909,0.0,805.2416259999999,0
1613,1479.4,237,1538.7761,1318.9916070000002,1758.560593,380.909,0.0,805.2416259999999,0
1614,1715.8,385,1538.7761,1318.9916070000002,1758.560593,380.909,0.0,805.2416259999999,0
1615,1615.4,492,1538.7761,1318.9916070000002,1758.560593,380.909,0.0,805.2416259999999,0
1616,1474.4,211,1538.7761,1318.9916070000002,1758.560593,380.909,0.0,805.2416259999999,0
1617,1426.2,127,1538.7761,1318.9916070000002,1758.560593,380.909,0.0,805.2416259999999,0
1618,1454.4,345,1538.7761,1318.9916070000002,1758.560593,380.909,0.0,805.2416259999999,0
1619,1594.2,535,1538.7761,1318.9916070000002,1758.560593,380.909,0.0,805.2416259999999,0
1620,1520.6,151,1538.7761,1318.9916070000002,1758.560593,380.909,0.0,805.2416259999999,0
1621,1556.6,279,1538.7761,1318.9916070000002,1758.560593,380.909,0.0,805.2416259999999,0
1622,1578.0,431,1538.7761,1318.9916070000002,1758.560593,380.909,0.0,805.2416259999999,0
1623,1818.2,1054,1538.7761,1318.9916070000002,1758.560593,380.909,0.0,805.2416259999999,1
1624,1531.6,671,1538.7761,1318.9916070000002,1758.560593,380.909,0.0,805.2416259999999,0
1625,1642.0,312,1538.7761,1318.9916070000002,1758.560593,380.909,0.0,805.2416259999999,0
1626,1536.8,217,1538.7761,1318.9916070000002,1758.560593,380.909,0.0,805.2416259999999,0
1627,1452.4,286,1538.7761,1318.9916070000002,1758.560593,380.909,0.0,805.2416259999999,0
1628,1511.0,244,1538.7761,1318.9916070000002,1758.560593,380.909,0.0,805.2416259999999,0
1629,1496.4,265,1538.7761,1318.9916070000002,1758.560593,380.909,0.0,805.2416259999999,0
1630,1516.0,258,1538.7761,1318.9916070000002,1758.560593,380.909,0.0,805.2416259999999,0
1631,1446.8,114,1538.7761,1318.9916070000002,1758.560593,380.909,0.0,805.2416259999999,0
1632,1500.8,396,1538.7761,1318.9916070000002,1758.560593,380.909,0.0,805.2416259999999,0
1633,1590.4,242,1538.7761,1318.9916070000002,1758.560593,380.909,0.0,805.2416259999999,0
1634,1588.6,392,1538.7761,1318.9916070000002,1758.560593,380.909,0.0,805.2416259999999,0
1635,1525.4,270,1538.7761,1318.9916070000002,1758.560593,380.909,0.0,805.2416259999999,0
1636,1472.0,212,1538.7761,1318.9916070000002,1758.560593,380.909,0.0,805.2416259999999,0
1637,1739.2,692,1538.7761,1318.9916070000002,1758.560593,380.909,0.0,805.2416259999999,0
1638,1668.4,535,1538.7761,1318.9916070000002,1758.560593,380.909,0.0,805.2416259999999,0
1639,1555.6,644,1538.7761,1318.9916070000002,1758.560593,380.909,0.0,805.2416259999999,0
1640,1520.2,363,1538.7761,1318.9916070000002,1758.560593,380.909,0.0,805.2416259999999,0
1641,1629.0,400,1538.7761,1318.9916070000002,1758.560593,380.909,0.0,805.2416259999999,0
1642,1466.4,144,1538.7761,1318.9916070000002,1758.560593,380.909,0.0,805.2416259999999,0
1643,1515.8,346,1538.7761,1318.9916070000002,1758.560593,380.909,0.0,805.2416259999999,0
1644,1474.6,207,1538.7761,1318.9916070000002,1758.560593,380.909,0.0,805.2416259999999,0
1645,1511.8,426,1538.7761,1318.9916070000002,1758.560593,380.909,0.0,805.2416259999999,0
1646,1521.2,350,1538.7761,1318.9916070000002,1758.560593,380.909,0.0,805.2416259999999,0
1647,1492.8,410,1538.7761,1318.9916070000002,1758.560593,380.909,0.0,805.2416259999999,0
1648,1519.0,457,1538.7761,1318.9916070000002,1758.560593,380.909,0.0,805.2416259999999,0
1649,1630.4,730,1538.7761,1318.9916070000002,1758.560593,380.909,0.0,805.2416259999999,0
1650,1509.6,410,1538.7761,1318.9916070000002,1758.560593,380.909,0.0,805.2416259999999,0
1651,1644.4,587,1538.7761,1318.9916070000002,1758.560593,380.909,0.0,805.2416259999999,0
1652,1520.4,270,1538.7761,1318.9916070000002,1758.560593,380.909,0.0,805.2416259999999,0
1653,1557.6,589,1538.7761,1318.9916070000002,1758.560593,380.909,0.0,805.2416259999999,0
1654,1682.4,316,1538.7761,1318.9916070000002,1758.560593,380.909,0.0,805.2416259999999,0
1655,1523.2,478,1538.7761,1318.9916070000002,1758.560593,380.909,0.0,805.2416259999999,0
1656,1533.0,509,1538.7761,1318.9916070000002,1758.560593,380.909,0.0,805.2416259999999,0
1657,1605.0,132,1538.7761,1318.9916070000002,1758.560593,380.909,0.0,805.2416259999999,0
1658,1539.2,291,1538.7761,1318.9916070000002,1758.560593,380.909,0.0,805.2416259999999,0
1659,1576.6,288,1538.7761,1318.9916070000002,1758.560593,380.909,0.0,805.2416259999999,0
1660,1568.4,304,1538.7761,1318.9916070000002,1758.560593,380.909,0.0,805.2416259999999,0
1661,1570.6,140,1538.7761,1318.9916070000002,1758.560593,380.909,0.0,805.2416259999999,0
1662,1438.2,169,1538.7761,1318.9916070000002,1758.560593,380.909,0.0,805.2416259999999,0
1663,1502.4,444,1538.7761,1318.9916070000002,1758.560593,380.909,0.0,805.2416259999999,0
1664,1502.0,274,1538.7761,1318.9916070000002,1758.560593,380.909,0.0,805.2416259999999,0
1665,1421.2,89,1538.7761,1318.9916070000002,1758.560593,380.909,0.0,805.2416259999999,0
1666,1405.2,269,1538.7761,1318.9916070000002,1758.560593,380.909,0.0,805.2416259999999,0
1667,1472.4,137,1538.7761,1318.9916070000002,1758.560593,380.909,0.0,805.2416259999999,0
1668,1703.4,791,1538.7761,1318.9916070000002,1758.560593,380.909,0.0,805.2416259999999,0
1669,1557.4,314,1538.7761,1318.9916070000002,1758.560593,380.909,0.0,805.2416259999999,0
1670,1539.0,213,1538.7761,1318.9916070000002,1758.560593,380.909,0.0,805.2416259999999,0
1671,1478.2,304,1538.7761,1318.9916070000002,1758.560593,380.909,0.0,805.2416259999999,0
1672,1460.6,203,1538.7761,1318.9916070000002,1758.560593,380.909,0.0,805.2416259999999,0
1673,1464.2,229,1538.7761,1318.9916070000002,1758.560593,380.909,0.0,805.2416259999999,0
1674,1652.8,563,1538.7761,1318.9916070000002,1758.560593,380.909,0.0,805.2416259999999,0
1675,1510.0,656,1538.7761,1318.9916070000002,1758.560593,380.909,0.0,805.2416259999999,0
1676,1402.8,298,1538.7761,1318.9916070000002,1758.560593,380.909,0.0,805.2416259999999,0
1677,1594.0,326,1538.7761,1318.9916070000002,1758.560593,380.909,0.0,805.2416259999999,0
1678,1461.0,212,1538.7761,1318.9916070000002,1758.560593,380.909,0.0,805.2416259999999,0
1679,1441.4,278,1538.7761,1318.9916070000002,1758.560593,380.909,0.0,805.2416259999999,0
1680,1742.2,1323,1538.7761,1318.9916070000002,1758.560593,380.909,0.0,805.2416259999999,0
1681,1516.2,301,1538.7761,1318.9916070000002,1758.560593,380.909,0.0,805.2416259999999,0
1682,1523.6,517,1538.7761,1318.9916070000002,1758.560593,380.909,0.0,805.2416259999999,0
1683,1524.4,528,1538.7761,1318.9916070000002,1758.560593,380.909,0.0,805.2416259999999,0
1684,1625.0,540,1538.7761,1318.9916070000002,1758.560593,380.909,0.0,805.2416259999999,0
1685,1423.4,303,1538.7761,1318.9916070000002,1758.560593,380.909,0.0,805.2416259999999,0
1686,1620.8,322,1538.7761,1318.9916070000002,1758.560593,380.909,0.0,805.2416259999999,0
1687,1464.0,350,1538.7761,1318.9916070000002,1758.560593,380.909,0.0,805.2416259999999,0
1688,1435.4,456,1538.7761,1318.9916070000002,1758.560593,380.909,0.0,805.2416259999999,0
1689,1600.6,448,1538.7761,1318.9916070000002,1758.560593,380.909,0.0,805.2416259999999,0
1690,1535.8,286,1538.7761,1318.9916070000002,1758.560593,380.909,0.0,805.2416259999999,0
1691,1518.4,129,1538.7761,1318.9916070000002,1758.560593,380.909,0.0,805.2416259999999,0
1692,1541.8,397,1538.7761,1318.9916070000002,1758.560593,380.909,0.0,805.2416259999999,0
1693,1480.4,300,1538.7761,1318.9916070000002,1758.560593,380.909,0.0,805.2416259999999,0
1694,1478.2,424,1538.7761,1318.9916070000002,1758.560593,380.909,0.0,805.2416259999999,0
1695,1476.6,302,1538.7761,1318.9916070000002,1758.560593,380.909,0.0,805.2416259999999,0
1696,1540.4,273,1538.7761,1318.9916070000002,1758.560593,380.909,0.0,805.2416259999999,0
1697,1521.4,221,1538.7761,1318.9916070000002,1758.560593,380.909,0.0,805.2416259999999,0
1698,1437.8,116,1538.7761,1318.9916070000002,1758.560593,380.909,0.0,805.2416259999999,0
1699,1511.8,215,1538.7761,1318.9916070000002,1758.560593,380.909,0.0,805.2416259999999,0
1700,1625.4,337,1538.7761,1318.9916070000002,1758.560593,380.909,0.0,805.2416259999999,0
1701,1491.6,432,1538.7761,1318.9916070000002,1758.560593,380.909,0.0,805.2416259999999,0
1702,1661.4,352,1538.7761,1318.9916070000002,1758.560593,380.909,0.0,805.2416259999999,0
1703,1482.4,99,1538.7761,1318.9916070000002,1758.560593,380.909,0.0,805.2416259999999,0
1704,1508.0,261,1538.7761,1318.9916070000002,1758.560593,380.909,0.0,805.2416259999999,0
1705,1509.4,255,1538.7761,1318.9916070000002,1758.560593,380.909,0.0,805.2416259999999,0
1706,1468.8,153,1538.7761,1318.9916070000002,1758.560593,380.909,0.0,805.2416259999999,0
1707,1449.6,300,1538.7761,1318.9916070000002,1758.560593,380.909,0.0,805.2416259999999,0
1708,1553.6,304,1538.7761,1318.9916070000002,1758.560593,380.909,0.0,805.2416259999999,0
1709,1662.6,646,1538.7761,1318.9916070000002,1758.560593,380.909,0.0,805.2416259999999,0
1710,1664.8,248,1538.7761,1318.9916070000002,1758.560593,380.909,0.0,805.2416259999999,0
1711,1526.6,205,1538.7761,1318.9916070000002,1758.560593,380.909,0.0,805.2416259999999,0
1712,1516.0,125,1538.7761,1318.9916070000002,1758.560593,380.909,0.0,805.2416259999999,0
1713,1441.0,282,1538.7761,1318.9916070000002,1758.560593,380.909,0.0,805.2416259999999,0
1714,1639.8,268,1538.7761,1318.9916070000002,1758.560593,380.909,0.0,805.2416259999999,0
1715,1683.2,838,1538.7761,1318.9916070000002,1758.560593,380.909,0.0,805.2416259999999,0
1716,1556.4,159,1538.7761,1318.9916070000002,1758.560593,380.909,0.0,805.2416259999999,0
1717,1441.4,297,1538.7761,1318.9916070000002,1758.560593,380.909,0.0,805.2416259999999,0
1718,1469.8,289,1538.7761,1318.9916070000002,1758.560593,380.909,0.0,805.2416259999999,0
1719,1510.0,250,1538.7761,1318.9916070000002,1758.560593,380.909,0.0,805.2416259999999,0
1720,1459.8,297,1538.7761,1318.9916070000002,1758.560593,380.909,0.0,805.2416259999999,0
1721,1440.8,432,1538.7761,1318.9916070000002,1758.560593,380.909,0.0,805.2416259999999,0
1722,1483.0,264,1538.7761,1318.9916070000002,1758.560593,380.909,0.0,805.2416259999999,0
1723,1513.2,290,1538.7761,1318.9916070000002,1758.560593,380.909,0.0,805.2416259999999,0
1724,1515.0,474,1538.7761,1318.9916070000002,1758.560593,380.909,0.0,805.2416259999999,0
1725,1461.8,59,1538.7761,1318.9916070000002,1758.560593,380.909,0.0,805.2416259999999,0
1726,1537.0,400,1538.7761,1318.9916070000002,1758.560593,380.909,0.0,805.2416259999999,0
1727,1442.8,254,1538.7761,1318.9916070000002,1758.560593,380.909,0.0,805.2416259999999,0
1728,1568.4,339,1538.7761,1318.9916070000002,1758.560593,380.909,0.0,805.2416259999999,0
1729,1446.0,236,1538.7761,1318.9916070000002,1758.560593,380.909,0.0,805.2416259999999,0
1730,1465.0,202,1538.7761,1318.9916070000002,1758.560593,380.909,0.0,805.2416259999999,0
1731,1514.4,436,1538.7761,1318.9916070000002,1758.560593,380.909,0.0,805.2416259999999,0
1732,1451.4,429,1538.7761,1318.9916070000002,1758.560593,380.909,0.0,805.2416259999999,0
1733,1495.6,376,1538.7761,1318.9916070000002,1758.560593,380.909,0.0,805.2416259999999,0
1734,1440.0,137,1538.7761,1318.9916070000002,1758.560593,380.909,0.0,805.2416259999999,0
1735,1489.0,269,1538.7761,1318.9916070000002,1758.560593,380.909,0.0,805.2416259999999,0
1736,1568.4,232,1538.7761,1318.9916070000002,1758.560593,380.909,0.0,805.2416259999999,0
1737,1497.4,252,1538.7761,1318.9916070000002,1758.560593,380.909,0.0,805.2416259999999,0
1738,1553.0,128,1538.7761,1318.9916070000002,1758.560593,380.909,0.0,805.2416259999999,0
1739,1562.2,443,1538.7761,1318.9916070000002,1758.560593,380.909,0.0,805.2416259999999,0
1740,1501.8,242,1538.7761,1318.9916070000002,1758.560593,380.909,0.0,805.2416259999999,0
1741,1480.0,490,1538.7761,1318.9916070000002,1758.560593,380.909,0.0,805.2416259999999,0
1742,1437.0,243,1538.7761,1318.9916070000002,1758.560593,380.909,0.0,805.2416259999999,0
1743,1691.6,473,1538.7761,1318.9916070000002,1758.560593,380.909,0.0,805.2416259999999,0
1744,1518.6,275,1538.7761,1318.9916070000002,1758.560593,380.909,0.0,805.2416259999999,0
1745,1536.0,303,1538.7761,1318.9916070000002,1758.560593,380.909,0.0,805.2416259999999,0
1746,1465.6,210,1538.7761,1318.9916070000002,1758.560593,380.909,0.0,805.2416259999999,0
1747,1551.6,472,1538.7761,1318.9916070000002,1758.560593,380.909,0.0,805.2416259999999,0
1748,1473.0,198,1538.7761,1318.9916070000002,1758.560593,380.909,0.0,805.2416259999999,0
1749,1539.8,475,1538.7761,1318.9916070000002,1758.560593,380.909,0.0,805.2416259999999,0
1750,1500.8,293,1538.7761,1318.9916070000002,1758.560593,380.909,0.0,805.2416259999999,0
1751,1598.6,299,1538.7761,1318.9916070000002,1758.560593,380.909,0.0,805.2416259999999,0
1752,1545.6,409,1538.7761,1318.9916070000002,1758.560593,380.909,0.0,805.2416259999999,0
1753,1571.2,432,1538.7761,1318.9916070000002,1758.560593,380.909,0.0,805.2416259999999,0
1754,1381.6,99,1538.7761,1318.9916070000002,1758.560593,380.909,0.0,805.2416259999999,0
1755,1566.0,272,1538.7761,1318.9916070000002,1758.560593,380.909,0.0,805.2416259999999,0
1756,1434.4,187,1538.7761,1318.9916070000002,1758.560593,380.909,0.0,805.2416259999999,0
1757,1405.2,298,1538.7761,1318.9916070000002,1758.560593,380.909,0.0,805.2416259999999,0
1758,1507.8,393,1538.7761,1318.9916070000002,1758.560593,380.909,0.0,805.2416259999999,0
1759,1503.8,372,1538.7761,1318.9916070000002,1758.560593,380.909,0.0,805.2416259999999,0
1760,1553.0,337,1538.7761,1318.9916070000002,1758.560593,380.909,0.0,805.2416259999999,0
1761,1445.6,269,1538.7761,1318.9916070000002,1758.560593,380.909,0.0,805.2416259999999,0
1762,1542.8,246,1538.7761,1318.9916070000002,1758.560593,380.909,0.0,805.2416259999999,0
1763,1546.4,315,1538.7761,1318.9916070000002,1758.560593,380.909,0.0,805.2416259999999,0
1764,1413.2,132,1538.7761,1318.9916070000002,1758.560593,380.909,0.0,805.2416259999999,0
1765,1576.4,352,1538.7761,1318.9916070000002,1758.560593,380.909,0.0,805.2416259999999,0
1766,1510.4,124,1538.7761,1318.9916070000002,1758.560593,380.909,0.0,805.2416259999999,0
1767,1561.8,296,1538.7761,1318.9916070000002,1758.560593,380.909,0.0,805.2416259999999,0
1768,1453.6,388,1538.7761,1318.9916070000002,1758.560593,380.909,0.0,805.2416259999999,0
1769,1549.8,153,1538.7761,1318.9916070000002,1758.560593,380.909,0.0,805.2416259999999,0
1770,1429.6,271,1538.7761,1318.9916070000002,1758.560593,380.909,0.0,805.2416259999999,0
1771,1506.0,142,1538.7761,1318.9916070000002,1758.560593,380.909,0.0,805.2416259999999,0
1772,1538.8,415,1538.7761,1318.9916070000002,1758.560593,380.909,0.0,805.2416259999999,0
1773,1594.0,243,1538.7761,1318.9916070000002,1758.560593,380.909,0.0,805.2416259999999,0
1774,1451.2,276,1538.7761,1318.9916070000002,1758.560593,380.909,0.0,805.2416259999999,0
1775,1502.0,276,1538.7761,1318.9916070000002,1758.560593,380.909,0.0,805.2416259999999,0
1776,1574.6,470,1538.7761,1318.9916070000002,1758.560593,380.909,0.0,805.2416259999999,0
1777,1482.4,151,1538.7761,1318.9916070000002,1758.560593,380.909,0.0,805.2416259999999,0
1778,1634.0,651,1538.7761,1318.9916070000002,1758.560593,380.909,0.0,805.2416259999999,0
1779,1537.8,310,1538.7761,1318.9916070000002,1758.560593,380.909,0.0,805.2416259999999,0
1780,1583.6,249,1538.7761,1318.9916070000002,1758.560593,380.909,0.0,805.2416259999999,0
1781,1503.6,202,1538.7761,1318.9916070000002,1758.560593,380.909,0.0,805.2416259999999,0
1782,1485.6,207,1538.7761,1318.9916070000002,1758.560593,380.909,0.0,805.2416259999999,0
1783,1556.0,327,1538.7761,1318.9916070000002,1758.560593,380.909,0.0,805.2416259999999,0
1784,1658.8,865,1538.7761,1318.9916070000002,1758.560593,380.909,0.0,805.2416259999999,0
1785,1483.6,270,1538.7761,1318.9916070000002,1758.560593,380.909,0.0,805.2416259999999,0
1786,1560.8,384,1538.7761,1318.9916070000002,1758.560593,380.909,0.0,805.2416259999999,0
1787,1524.8,167,1538.7761,1318.9916070000002,1758.560593,380.909,0.0,805.2416259999999,0
1788,1511.4,461,1538.7761,1318.9916070000002,1758.560593,380.909,0.0,805.2416259999999,0
1789,1727.6,739,1538.7761,1318.9916070000002,1758.560593,380.909,0.0,805.2416259999999,0
1790,1540.8,562,1538.7761,1318.9916070000002,1758.560593,380.909,0.0,805.2416259999999,0
1791,1525.0,344,1538.7761,1318.9916070000002,1758.560593,380.909,0.0,805.2416259999999,0
1792,1441.0,386,1538.7761,1318.9916070000002,1758.560593,380.909,0.0,805.2416259999999,0
1793,1594.2,394,1538.7761,1318.9916070000002,1758.560593,380.909,0.0,805.2416259999999,0
1794,1503.6,240,1538.7761,1318.9916070000002,1758.560593,380.909,0.0,805.2416259999999,0
1795,1513.4,120,1538.7761,1318.9916070000002,1758.560593,380.909,0.0,805.2416259999999,0
1796,1503.8,329,1538.7761,1318.9916070000002,1758.560593,380.909,0.0,805.2416259999999,0
1797,1399.4,252,1538.7761,1318.9916070000002,1758.560593,380.909,0.0,805.2416259999999,0
1798,1580.2,382,1538.7761,1318.9916070000002,1758.560593,380.909,0.0,805.2416259999999,0
1799,1630.6,530,1538.7761,1318.9916070000002,1758.560593,380.909,0.0,805.2416259999999,0
1800,1516.4,142,1538.7761,1318.9916070000002,1758.560593,380.909,0.0,805.2416259999999,0
1801,1470.0,196,1538.7761,1318.9916070000002,1758.560593,380.909,0.0,805.2416259999999,0
1802,1431.2,242,1538.7761,1318.9916070000002,1758.560593,380.909,0.0,805.2416259999999,0
1803,1490.2,365,1538.7761,1318.9916070000002,1758.560593,380.909,0.0,805.2416259999999,0
1804,1494.6,293,1538.7761,1318.9916070000002,1758.560593,380.909,0.0,805.2416259999999,0
1805,1541.8,340,1538.7761,1318.9916070000002,1758.560593,380.909,0.0,805.2416259999999,0
1806,1489.4,290,1538.7761,1318.9916070000002,1758.560593,380.909,0.0,805.2416259999999,0
1807,1578.0,407,1538.7761,1318.9916070000002,1758.560593,380.909,0.0,805.2416259999999,0
1808,1769.0,1017,1538.7761,1318.9916070000002,1758.560593,380.909,0.0,805.2416259999999,1
1809,1435.8,290,1538.7761,1318.9916070000002,1758.560593,380.909,0.0,805.2416259999999,0
1810,1534.0,294,1538.7761,1318.9916070000002,1758.560593,380.909,0.0,805.2416259999999,0
1811,1689.2,380,1538.7761,1318.9916070000002,1758.560593,380.909,0.0,805.2416259999999,0
1812,1622.2,538,1538.7761,1318.9916070000002,1758.560593,380.909,0.0,805.2416259999999,0
1813,1628.8,444,1538.7761,1318.9916070000002,1758.560593,380.909,0.0,805.2416259999999,0
1814,1731.4,831,1538.7761,1318.9916070000002,1758.560593,380.909,0.0,805.2416259999999,0
1815,1573.8,343,1538.7761,1318.9916070000002,1758.560593,380.909,0.0,805.2416259999999,0
1816,1572.4,288,1538.7761,1318.9916070000002,1758.560593,380.909,0.0,805.2416259999999,0
1817,1514.4,560,1538.7761,1318.9916070000002,1758.560593,380.909,0.0,805.2416259999999,0
1818,1625.0,624,1538.7761,1318.9916070000002,1758.560593,380.909,0.0,805.2416259999999,0
1819,1631.8,395,1538.7761,1318.9916070000002,1758.560593,380.909,0.0,805.2416259999999,0
1820,1551.4,254,1538.7761,1318.9916070000002,1758.560593,380.909,0.0,805.2416259999999,0
1821,1526.6,207,1538.7761,1318.9916070000002,1758.560593,380.909,0.0,805.2416259999999,0
1822,1629.2,414,1538.7761,1318.9916070000002,1758.560593,380.909,0.0,805.2416259999999,0
1823,1488.4,393,1538.7761,1318.9916070000002,1758.560593,380.909,0.0,805.2416259999999,0
1824,1555.8,231,1538.7761,1318.9916070000002,1758.560593,380.909,0.0,805.2416259999999,0
1825,1477.8,184,1538.7761,1318.9916070000002,1758.560593,380.909,0.0,805.2416259999999,0
1826,1591.4,284,1538.7761,1318.9916070000002,1758.560593,380.909,0.0,805.2416259999999,0
1827,1510.4,136,1538.7761,1318.9916070000002,1758.560593,380.909,0.0,805.2416259999999,0
1828,1577.4,327,1538.7761,1318.9916070000002,1758.560593,380.909,0.0,805.2416259999999,0
1829,1509.4,305,1538.7761,1318.9916070000002,1758.560593,380.909,0.0,805.2416259999999,0
1830,1522.4,295,1538.7761,1318.9916070000002,1758.560593,380.909,0.0,805.2416259999999,0
1831,1460.4,336,1538.7761,1318.9916070000002,1758.560593,380.909,0.0,805.2416259999999,0
1832,1433.6,170,1538.7761,1318.9916070000002,1758.560593,380.909,0.0,805.2416259999999,0
1833,1718.2,969,1538.7761,1318.9916070000002,1758.560593,380.909,0.0,805.2416259999999,0
1834,1477.8,570,1538.7761,1318.9916070000002,1758.560593,380.909,0.0,805.2416259999999,0
1835,1619.6,483,1538.7761,1318.9916070000002,1758.560593,380.909,0.0,805.2416259999999,0
1836,1440.0,178,1538.7761,1318.9916070000002,1758.560593,380.909,0.0,805.2416259999999,0
1837,1562.4,158,1538.7761,1318.9916070000002,1758.560593,380.909,0.0,805.2416259999999,0
1838,1509.4,250,1538.7761,1318.9916070000002,1758.560593,380.909,0.0,805.2416259999999,0
1839,1578.8,577,1538.7761,1318.9916070000002,1758.560593,380.909,0.0,805.2416259999999,0
1840,1551.8,144,1538.7761,1318.9916070000002,1758.560593,380.909,0.0,805.2416259999999,0
1841,1546.8,217,1538.7761,1318.9916070000002,1758.560593,380.909,0.0,805.2416259999999,0
1842,1462.2,193,1538.7761,1318.9916070000002,1758.560593,380.909,0.0,805.2416259999999,0
1843,1688.4,1066,1538.7761,1318.9916070000002,1758.560593,380.909,0.0,805.2416259999999,0
1844,1455.0,331,1538.7761,1318.9916070000002,1758.560593,380.909,0.0,805.2416259999999,0
1845,1462.8,393,1538.7761,1318.9916070000002,1758.560593,380.909,0.0,805.2416259999999,0
1846,1745.8,569,1538.7761,1318.9916070000002,1758.560593,380.909,0.0,805.2416259999999,0
1847,1623.6,572,1538.7761,1318.9916070000002,1758.560593,380.909,0.0,805.2416259999999,0
1848,1570.2,375,1538.7761,1318.9916070000002,1758.560593,380.909,0.0,805.2416259999999,0
1849,1507.0,498,1538.7761,1318.9916070000002,1758.560593,380.909,0.0,805.2416259999999,0
1850,1682.0,374,1538.7761,1318.9916070000002,1758.560593,380.909,0.0,805.2416259999999,0
1851,1626.2,315,1538.7761,1318.9916070000002,1758.560593,380.909,0.0,805.2416259999999,0
1852,1517.8,398,1538.7761,1318.9916070000002,1758.560593,380.909,0.0,805.2416259999999,0
1853,1474.0,216,1538.7761,1318.9916070000002,1758.560593,380.909,0.0,805.2416259999999,0
1854,1501.8,383,1538.7761,1318.9916070000002,1758.560593,380.909,0.0,805.2416259999999,0
1855,1518.8,689,1538.7761,1318.9916070000002,1758.560593,380.909,0.0,805.2416259999999,0
1856,1598.8,244,1538.7761,1318.9916070000002,1758.560593,380.909,0.0,805.2416259999999,0
1857,1541.0,466,1538.7761,1318.9916070000002,1758.560593,380.909,0.0,805.2416259999999,0
1858,1507.0,342,1538.7761,1318.9916070000002,1758.560593,380.909,0.0,805.2416259999999,0
1859,1457.6,290,1538.7761,1318.9916070000002,1758.560593,380.909,0.0,805.2416259999999,0
1860,1412.8,211,1538.7761,1318.9916070000002,1758.560593,380.909,0.0,805.2416259999999,0
1861,1531.6,437,1538.7761,1318.9916070000002,1758.560593,380.909,0.0,805.2416259999999,0
1862,1561.8,388,1538.7761,1318.9916070000002,1758.560593,380.909,0.0,805.2416259999999,0
1863,1529.0,155,1538.7761,1318.9916070000002,1758.560593,380.909,0.0,805.2416259999999,0
1864,1548.2,547,1538.7761,1318.9916070000002,1758.560593,380.909,0.0,805.2416259999999,0
1865,1448.0,202,1538.7761,1318.9916070000002,1758.560593,380.909,0.0,805.2416259999999,0
1866,1643.2,577,1538.7761,1318.9916070000002,1758.560593,380.909,0.0,805.2416259999999,0
1867,1555.2,519,1538.7761,1318.9916070000002,1758.560593,380.909,0.0,805.2416259999999,0
1868,1543.0,267,1538.7761,1318.9916070000002,1758.560593,380.909,0.0,805.2416259999999,0
1869,1530.6,343,1538.7761,1318.9916070000002,1758.560593,380.909,0.0,805.2416259999999,0
1870,1505.8,200,1538.7761,1318.9916070000002,1758.560593,380.909,0.0,805.2416259999999,0
1871,1712.6,841,1538.7761,1318.9916070000002,1758.560593,380.909,0.0,805.2416259999999,0
1872,1522.4,438,1538.7761,1318.9916070000002,1758.560593,380.909,0.0,805.2416259999999,0
1873,1605.2,164,1538.7761,1318.9916070000002,1758.560593,380.909,0.0,805.2416259999999,0
1874,1448.8,293,1538.7761,1318.9916070000002,1758.560593,380.909,0.0,805.2416259999999,0
1875,1422.6,198,1538.7761,1318.9916070000002,1758.560593,380.909,0.0,805.2416259999999,0
1876,1549.8,528,1538.7761,1318.9916070000002,1758.560593,380.909,0.0,805.2416259999999,0
1877,1490.4,231,1538.7761,1318.9916070000002,1758.560593,380.909,0.0,805.2416259999999,0
1878,1626.4,775,1538.7761,1318.9916070000002,1758.560593,380.909,0.0,805.2416259999999,0
1879,1578.2,737,1538.7761,1318.9916070000002,1758.560593,380.909,0.0,805.2416259999999,0
1880,1474.2,156,1538.7761,1318.9916070000002,1758.560593,380.909,0.0,805.2416259999999,0
1881,1720.8,561,1538.7761,1318.9916070000002,1758.560593,380.909,0.0,805.2416259999999,0
1882,1678.8,754,1538.7761,1318.9916070000002,1758.560593,380.909,0.0,805.2416259999999,0
1883,1513.0,348,1538.7761,1318.9916070000002,1758.560593,380.909,0.0,805.2416259999999,0
1884,1536.4,550,1538.7761,1318.9916070000002,1758.560593,380.909,0.0,805.2416259999999,0
1885,1556.0,294,1538.7761,1318.9916070000002,1758.560593,380.909,0.0,805.2416259999999,0
1886,1526.2,496,1538.7761,1318.9916070000002,1758.560593,380.909,0.0,805.2416259999999,0
1887,1555.2,241,1538.7761,1318.9916070000002,1758.560593,380.909,0.0,805.2416259999999,0
1888,1439.8,212,1538.7761,1318.9916070000002,1758.560593,380.909,0.0,805.2416259999999,0
1889,1550.2,758,1538.7761,1318.9916070000002,1758.560593,380.909,0.0,805.2416259999999,0
1890,1474.2,457,1538.7761,1318.9916070000002,1758.560593,380.909,0.0,805.2416259999999,0
1891,1473.0,223,1538.7761,1318.9916070000002,1758.560593,380.909,0.0,805.2416259999999,0
1892,1660.2,566,1538.7761,1318.9916070000002,1758.560593,380.909,0.0,805.2416259999999,0
1893,1475.0,171,1538.7761,1318.9916070000002,1758.560593,380.909,0.0,805.2416259999999,0
1894,1541.2,327,1538.7761,1318.9916070000002,1758.560593,380.909,0.0,805.2416259999999,0
1895,1497.8,399,1538.7761,1318.9916070000002,1758.560593,380.909,0.0,805.2416259999999,0
1896,1679.6,367,1538.7761,1318.9916070000002,1758.560593,380.909,0.0,805.2416259999999,0
1897,1463.4,354,1538.7761,1318.9916070000002,1758.560593,380.909,0.0,805.2416259999999,0
1898,1523.6,182,1538.7761,1318.9916070000002,1758.560593,380.909,0.0,805.2416259999999,0
1899,1481.4,188,1538.7761,1318.9916070000002,1758.560593,380.909,0.0,805.2416259999999,0
1900,1448.2,193,1538.7761,1318.9916070000002,1758.560593,380.909,0.0,805.2416259999999,0
1901,1515.8,301,1538.7761,1318.9916070000002,1758.560593,380.909,0.0,805.2416259999999,0
1902,1519.0,182,1538.7761,1318.9916070000002,1758.560593,380.909,0.0,805.2416259999999,0
1903,1508.4,182,1538.7761,1318.9916070000002,1758.560593,380.909,0.0,805.2416259999999,0
1904,1531.4,341,1538.7761,1318.9916070000002,1758.560593,380.909,0.0,805.2416259999999,0
1905,1533.6,283,1538.7761,1318.9916070000002,1758.560593,380.909,0.0,805.2416259999999,0
1906,1409.6,317,1538.7761,1318.9916070000002,1758.560593,380.909,0.0,805.2416259999999,0
1907,1479.0,321,1538.7761,1318.9916070000002,1758.560593,380.909,0.0,805.2416259999999,0
1908,1557.6,394,1538.7761,1318.9916070000002,1758.560593,380.909,0.0,805.2416259999999,0
1909,1636.8,376,1538.7761,1318.9916070000002,1758.560593,380.909,0.0,805.2416259999999,0
1910,1567.8,249,1538.7761,1318.9916070000002,1758.560593,380.909,0.0,805.2416259999999,0
1911,1460.0,132,1538.7761,1318.9916070000002,1758.560593,380.909,0.0,805.2416259999999,0
1912,1507.8,211,1538.7761,1318.9916070000002,1758.560593,380.909,0.0,805.2416259999999,0
1913,1671.6,418,1538.7761,1318.9916070000002,1758.560593,380.909,0.0,805.2416259999999,0
1914,1609.8,536,1538.7761,1318.9916070000002,1758.560593,380.909,0.0,805.2416259999999,0
1915,1457.4,205,1538.7761,1318.9916070000002,1758.560593,380.909,0.0,805.2416259999999,0
1916,1605.8,558,1538.7761,1318.9916070000002,1758.560593,380.909,0.0,805.2416259999999,0
1917,1411.0,248,1538.7761,1318.9916070000002,1758.560593,380.909,0.0,805.2416259999999,0
1918,1471.0,215,1538.7761,1318.9916070000002,1758.560593,380.909,0.0,805.2416259999999,0
1919,1470.6,402,1538.7761,1318.9916070000002,1758.560593,380.909,0.0,805.2416259999999,0
1920,1472.2,78,1538.7761,1318.9916070000002,1758.560593,380.909,0.0,805.2416259999999,0
1921,1712.2,560,1538.7761,1318.9916070000002,1758.560593,380.909,0.0,805.2416259999999,0
1922,1487.8,170,1538.7761,1318.9916070000002,1758.560593,380.909,0.0,805.2416259999999,0
1923,1476.0,248,1538.7761,1318.9916070000002,1758.560593,380.909,0.0,805.2416259999999,0
1924,1486.0,257,1538.7761,1318.9916070000002,1758.560593,380.909,0.0,805.2416259999999,0
1925,1644.8,693,1538.7761,1318.9916070000002,1758.560593,380.909,0.0,805.2416259999999,0
1926,1587.4,712,1538.7761,1318.9916070000002,1758.560593,380.909,0.0,805.2416259999999,0
1927,1487.6,335,1538.7761,1318.9916070000002,1758.560593,380.909,0.0,805.2416259999999,0
1928,1539.4,332,1538.7761,1318.9916070000002,1758.560593,380.909,0.0,805.2416259999999,0
1929,1477.8,264,1538.7761,1318.9916070000002,1758.560593,380.909,0.0,805.2416259999999,0
1930,1572.4,333,1538.7761,1318.9916070000002,1758.560593,380.909,0.0,805.2416259999999,0
1931,1449.0,213,1538.7761,1318.9916070000002,1758.560593,380.909,0.0,805.2416259999999,0
1932,1474.6,336,1538.7761,1318.9916070000002,1758.560593,380.909,0.0,805.2416259999999,0
1933,1434.4,253,1538.7761,1318.9916070000002,1758.560593,380.909,0.0,805.2416259999999,0
1934,1607.6,486,1538.7761,1318.9916070000002,1758.560593,380.909,0.0,805.2416259999999,0
1935,1626.8,332,1538.7761,1318.9916070000002,1758.560593,380.909,0.0,805.2416259999999,0
1936,1705.2,735,1538.7761,1318.9916070000002,1758.560593,380.909,0.0,805.2416259999999,0
1937,1482.8,556,1538.7761,1318.9916070000002,1758.560593,380.909,0.0,805.2416259999999,0
1938,1444.8,289,1538.7761,1318.9916070000002,1758.560593,380.909,0.0,805.2416259999999,0
1939,1604.2,173,1538.7761,1318.9916070000002,1758.560593,380.909,0.0,805.2416259999999,0
1940,1516.0,259,1538.7761,1318.9916070000002,1758.560593,380.909,0.0,805.2416259999999,0
1941,1494.0,280,1538.7761,1318.9916070000002,1758.560593,380.909,0.0,805.2416259999999,0
1942,1607.2,223,1538.7761,1318.9916070000002,1758.560593,380.909,0.0,805.2416259999999,0
1943,1522.2,558,1538.7761,1318.9916070000002,1758.560593,380.909,0.0,805.2416259999999,0
1944,1417.2,208,1538.7761,1318.9916070000002,1758.560593,380.909,0.0,805.2416259999999,0
1945,1691.0,741,1538.7761,1318.9916070000002,1758.560593,380.909,0.0,805.2416259999999,0
1946,1581.0,234,1538.7761,1318.9916070000002,1758.560593,380.909,0.0,805.2416259999999,0
1947,1609.6,842,1538.7761,1318.9916070000002,1758.560593,380.909,0.0,805.2416259999999,0
1948,1521.4,443,1538.7761,1318.9916070000002,1758.560593,380.909,0.0,805.2416259999999,0
1949,1581.8,160,1538.7761,1318.9916070000002,1758.560593,380.909,0.0,805.2416259999999,0
1950,1483.8,208,1538.7761,1318.9916070000002,1758.560593,380.909,0.0,805.2416259999999,0
1951,1575.2,63,1538.7761,1318.9916070000002,1758.560593,380.909,0.0,805.2416259999999,0
1952,1711.8,754,1538.7761,1318.9916070000002,1758.560593,380.909,0.0,805.2416259999999,0
1953,1613.2,631,1538.7761,1318.9916070000002,1758.560593,380.909,0.0,805.2416259999999,0
1954,1496.2,225,1538.7761,1318.9916070000002,1758.560593,380.909,0.0,805.2416259999999,0
1955,1500.8,209,1538.7761,1318.9916070000002,1758.560593,380.909,0.0,805.2416259999999,0
1956,1457.6,373,1538.7761,1318.9916070000002,1758.560593,380.909,0.0,805.2416259999999,0
1957,1444.6,73,1538.7761,1318.9916070000002,1758.560593,380.909,0.0,805.2416259999999,0
1958,1621.0,318,1538.7761,1318.9916070000002,1758.560593,380.909,0.0,805.2416259999999,0
1959,1516.2,176,1538.7761,1318.9916070000002,1758.560593,380.909,0.0,805.2416259999999,0
1960,1587.2,223,1538.7761,1318.9916070000002,1758.560593,380.909,0.0,805.2416259999999,0
1961,1612.0,563,1538.7761,1318.9916070000002,1758.560593,380.909,0.0,805.2416259999999,0
1962,1455.0,298,1538.7761,1318.9916070000002,1758.560593,380.909,0.0,805.2416259999999,0
1963,1468.0,223,1538.7761,1318.9916070000002,1758.560593,380.909,0.0,805.2416259999999,0
1964,1526.6,314,1538.7761,1318.9916070000002,1758.560593,380.909,0.0,805.2416259999999,0
1965,1517.4,307,1538.7761,1318.9916070000002,1758.560593,380.909,0.0,805.2416259999999,0
1966,1429.0,265,1538.7761,1318.9916070000002,1758.560593,380.909,0.0,805.2416259999999,0
1967,1603.0,781,1538.7761,1318.9916070000002,1758.560593,380.909,0.0,805.2416259999999,0
1968,1441.2,190,1538.7761,1318.9916070000002,1758.560593,380.909,0.0,805.2416259999999,0
1969,1421.4,127,1538.7761,1318.9916070000002,1758.560593,380.909,0.0,805.2416259999999,0
1970,1600.4,973,1538.7761,1318.9916070000002,1758.560593,380.909,0.0,805.2416259999999,0
1971,1492.4,445,1538.7761,1318.9916070000002,1758.560593,380.909,0.0,805.2416259999999,0
1972,1491.8,214,1538.7761,1318.9916070000002,1758.560593,380.909,0.0,805.2416259999999,0
1973,1610.0,389,1538.7761,1318.9916070000002,1758.560593,380.909,0.0,805.2416259999999,0
1974,1721.4,1039,1538.7761,1318.9916070000002,1758.560593,380.909,0.0,805.2416259999999,0
1975,1653.8,574,1538.7761,1318.9916070000002,1758.560593,380.909,0.0,805.2416259999999,0
1976,1396.2,197,1538.7761,1318.9916070000002,1758.560593,380.909,0.0,805.2416259999999,0
1977,1693.6,402,1538.7761,1318.9916070000002,1758.560593,380.909,0.0,805.2416259999999,0
1978,1595.0,535,1538.7761,1318.9916070000002,1758.560593,380.909,0.0,805.2416259999999,0
1979,1471.0,361,1538.7761,1318.9916070000002,1758.560593,380.909,0.0,805.2416259999999,0
1980,1468.8,261,1538.7761,1318.9916070000002,1758.560593,380.909,0.0,805.2416259999999,0
1981,1449.6,135,1538.7761,1318.9916070000002,1758.560593,380.909,0.0,805.2416259999999,0
1982,1512.0,184,1538.7761,1318.9916070000002,1758.560593,380.909,0.0,805.2416259999999,0
1983,1507.2,343,1538.7761,1318.9916070000002,1758.560593,380.909,0.0,805.2416259999999,0
1984,1485.8,357,1538.7761,1318.9916070000002,1758.560593,380.909,0.0,805.2416259999999,0
1985,1472.4,268,1538.7761,1318.9916070000002,1758.560593,380.909,0.0,805.2416259999999,0
1986,1568.2,530,1538.7761,1318.9916070000002,1758.560593,380.909,0.0,805.2416259999999,0
1987,1523.2,231,1538.7761,1318.9916070000002,1758.560593,380.909,0.0,805.2416259999999,0
1988,1731.0,1184,1538.7761,1318.9916070000002,1758.560593,380.909,0.0,805.2416259999999,0
1989,1531.4,391,1538.7761,1318.9916070000002,1758.560593,380.909,0.0,805.2416259999999,0
1990,1564.8,393,1538.7761,1318.9916070000002,1758.560593,380.909,0.0,805.2416259999999,0
1991,1441.6,210,1538.7761,1318.9916070000002,1758.560593,380.909,0.0,805.2416259999999,0
1992,1510.0,227,1538.7761,1318.9916070000002,1758.560593,380.909,0.0,805.2416259999999,0
1993,1520.8,367,1538.7761,1318.9916070000002,1758.560593,380.909,0.0,805.2416259999999,0
1994,1583.0,212,1538.7761,1318.9916070000002,1758.560593,380.909,0.0,805.2416259999999,0
1995,1529.8,530,1538.7761,1318.9916070000002,1758.560593,380.909,0.0,805.2416259999999,0
1996,1485.4,371,1538.7761,1318.9916070000002,1758.560593,380.909,0.0,805.2416259999999,0
1997,1509.0,341,1538.7761,1318.9916070000002,1758.560593,380.909,0.0,805.2416259999999,0
1998,1585.4,271,1538.7761,1318.9916070000002,1758.560593,380.909,0.0,805.2416259999999,0
1999,1574.6,426,1538.7761,1318.9916070000002,1758.560593,380.909,0.0,805.2416259999999,0
2000,1557.8,237,1538.7761,1318.9916070000002,1758.560593,380.909,0.0,805.2416259999999,0
